"popCode","descriptiveName","raceCodeList_census","raceCodeList_edited","popGrp_category","inCombo"
"006","American Indian and Alaska Native alone","5000:6999","5000:6999",1,0
"009","American Indian and Alaska Native alone or in combination with one or more other races","5000:6999","5000:6999",1,1
"01C","Abenaki tribal grouping alone","5505:5509","5505,5506,5507,5508",1,0
"01D","Algonquian tribal grouping alone","5512:5513","5512",2,0
"01F","Apache alone","5514","5514",0,0
"01I","Jicarilla Apache Nation alone","5517","5517",0,0
"01K","Mescalero Apache Tribe of the Mescalero Reservation, New Mexico alone","5519","5519",0,0
"01L","Apache Tribe of Oklahoma alone","5515","5515",0,0
"01M","Tonto Apache Tribe of Arizona alone","5521","5521",0,0
"01N","San Carlos Apache Tribe of the San Carlos Reservation alone","5520","5520",0,0
"01O","White Mountain Apache Tribe of the Fort Apache Reservation, Arizona alone","5522","5522",0,0
"01Q","Arapaho alone","5524","5524",0,0
"01R","Northern Arapaho alone","5526","5526",0,0
"01U","Assiniboine alone","5529","5529",0,0
"01Z","Fort Peck Assiniboine and Sioux Tribes of the Fort Peck Indian Reservation alone","5531","5531",0,0
"02C","Caddo tribal grouping alone","5551:5555","5551,5552,5553,5554",1,0
"02D","Caddo alone","5551","5551",0,0
"02F","Cahuilla tribal grouping alone","5556:5565","5556,5557,5558,5559,5560,5561,5562,5563,5564",1,0
"02G","Cahuilla alone","5556","5556",0,0
"02I","Morongo Band of Cahuilla Mission Indians alone","5561","5561",0,0
"02N","Yuki alone","5580","5580",0,0
"02V","Catawba Indian Nation tribal grouping alone","5586:5587","5586",2,0
"02Z","Quileute Tribe of the Quileute Reservation, Washington alone","5594","5594",0,0
"03C","Cherokee alone","5599","5599",0,0
"03D","Cherokee Tribe of Northeast Alabama alone","5605","5605",0,0
"03E","Cher-O-Creek Intratribal Indians (Cherokees of Southeast Alabama) alone","5600","5600",0,0
"03F","Eastern Band of Cherokees alone","5606","5606",0,0
"03G","Echota Cherokee Tribe of Alabama alone","5607","5607",0,0
"03I","Northern Cherokee Nation of Missouri and Arkansas alone","5610","5610",0,0
"03J","United Keetoowah Band of Cherokee alone","5616","5616",0,0
"03N","Four Winds Cherokee alone","5608","5608",0,0
"03Q","Cheyenne alone","5619","5619",0,0
"03R","Northern Cheyenne Tribe of the Northern Cheyenne Reservation, Montana alone","5620","5620",0,0
"03S","Southern Cheyenne alone","5621","5621",0,0
"03U","Chickahominy tribal grouping alone","5629:5633","5629,5630",1,0
"03V","Chickahominy Indian Tribe alone","5630","5630",0,0
"03X","Chinook tribal grouping alone","5639:5648","5639,5640,5641,5642,5643,5644,5645,5646",1,0
"03Y","Chinook alone","5639","5639",0,0
"04A","Bad River Band of the Lake Superior Tribe alone","5650","5650",0,0
"04B","Bay Mills Indian Community alone","5651","5651",0,0
"04C","Bois Forte Band of Chippewa alone","5652","5652",0,0
"04D","Chippewa alone","5649","5649",0,0
"04E","Fond du Lac alone","5653","5653",0,0
"04F","Grand Portage alone","5654","5654",0,0
"04G","Grand Traverse Band of Ottawa and Chippewa Indians alone","5655","5655",0,0
"04H","Keweenaw Bay Indian Community alone","5656","5656",0,0
"04I","Lac Courte Oreilles Band of Lake Superior Chippewa alone","5657","5657",0,0
"04J","Lac du Flambeau alone","5658","5658",0,0
"04K","Lac Vieux Desert Band of Lake Superior Chippewa Indians alone","5659","5659",0,0
"04L","Lake Superior Chippewa alone","5660","5660",0,0
"04M","Leech Lake alone","5661","5661",0,0
"04N","Little Shell Tribe of Chippewa Indians of Montana alone","5662","5662",0,0
"04O","Mille Lacs alone","5663","5663",0,0
"04P","Minnesota Chippewa alone","5664","5664",0,0
"04Q","Red Cliff Band of Lake Superior Chippewa alone","5665","5665",0,0
"04R","Red Lake Band of Chippewa Indians alone","5666","5666",0,0
"04S","Saginaw Chippewa Indian Tribe alone","5667","5667",0,0
"04T","St. Croix Chippewa alone","5670","5670",0,0
"04U","Sault Ste. Marie Tribe of Chippewa Indians alone","5668","5668",0,0
"04V","Sokaogon Chippewa Community alone","5669","5669",0,0
"04W","Turtle Mountain Band of Chippewa Indians of North Dakota alone","5672","5672",0,0
"04X","White Earth alone","5673","5673",0,0
"04Y","Chippewa-Cree Indians of the Rocky Boy's Reservation tribal grouping alone","5679:5683","5679",2,0
"04Z","Chitimacha tribal grouping alone","5684:5688","5684,5685",1,0
"05B","Choctaw alone","5689","5689",0,0
"05C","Mississippi Band of Choctaw Indians alone","5694","5694",0,0
"05D","MOWA Band of Choctaw Indians alone","5695","5695",0,0
"05E","Choctaw Nation of Oklahoma alone","5690","5690",0,0
"05F","Choctaw-Apache Community of Ebarb tribal grouping alone","5699:5700","5699",2,0
"05G","Chumash tribal grouping alone","5701:5705","5701,5702,5703",1,0
"05H","Chumash alone","5701","5701",0,0
"05J","Coeur D'Alene tribal grouping alone","5708:5709","5708",2,0
"05K","Coharie Indian tribal grouping alone","5710:5711","5710",2,0
"05L","Colorado River Indian Tribes tribal grouping alone","5712:5713","5712",2,0
"05Q","Coquille Indian tribal grouping alone","5722:5723","5722",2,0
"05R","Costanoan tribal grouping alone","5724:5725","5724",2,0
"05S","Coushatta tribal grouping alone","5726:5730","5726,5727,5728",1,0
"05T","Alabama-Coushatta Tribes of Texas alone","5727","5727",0,0
"05U","Coushatta alone","5726","5726",0,0
"05V","Cowlitz Indian tribal grouping alone","5731:5732","5731",2,0
"05Z","Muscogee (Creek) Nation alone","5735","5735",0,0
"06A","Eastern Creek alone","5737","5737",0,0
"06B","Lower Muscogee Creek Tama Tribal Town alone","5741","5741",0,0
"06C","MaChis Lower Creek Indian Tribe alone","5742","5742",0,0
"06D","Poarch Band of Creek Indians alone","5744","5744",0,0
"06F","Cupeno tribal grouping alone","5756:5760","5756,5757",1,0
"06O","Ramapough Lenape Nation (Ramapough Mountain) alone","5767","5767",0,0
"06P","Diegueno (Kumeyaay) tribal grouping alone","5771:5785","5771,5772,5773,5774,5775,5776,5777,5778,5779,5780,5781,5782,5783,5784",1,0
"06Q","Barona Group of Capitan Grande Band alone","5772","5772",0,0
"06R","Diegueno (Kumeyaay) alone","5771","5771",0,0
"06S","Mesa Grande Band of Diegueno Mission Indians alone","5781","5781",0,0
"06T","San Pasqual Band of Diegueno Mission Indians alone","5782","5782",0,0
"06U","Iipay Nation of Santa Ysabel alone","5776","5776",0,0
"06V","Viejas (Baron Long) Group of Capitan Grande Band alone","5784","5784",0,0
"06Y","Southeastern Indians alone","5805","5805",0,0
"07A","Tunica Biloxi Indian Tribe of Louisiana alone","5808","5808",0,0
"07B","Waccamaw Siouan Indian Tribe alone","5809","5809",0,0
"07C","Meherrin Indian Tribe alone","5793","5793",0,0
"07L","Gros Ventres alone","5833","5833",0,0
"07Q","Hoopa Valley Tribe alone","5844","5844",0,0
"07S","Iowa tribal grouping alone","5858:5862","5858,5859,5860",1,0
"07T","Iowa alone","5858","5858",0,0
"07U","Iowa Tribe of Kansas and Nebraska alone","5859","5859",0,0
"07W","Sappony (Indians of Person County) tribal grouping alone","6245:6246","6245",2,0
"07Y","Cayuga Nation alone","5864","5864",0,0
"07Z","Iroquois alone","5863","5863",0,0
"08A","Mohawk alone","5865","5865",0,0
"08C","Onondaga Nation alone","5868","5868",0,0
"08E","Seneca Nation alone","5870","5870",0,0
"08F","Seneca-Cayuga Tribe of Oklahoma alone","5872","5872",0,0
"08G","Tonawanda Band of Seneca Indians alone","5873","5873",0,0
"08H","Tuscarora Nation alone","5874","5874",0,0
"08I","Wyandotte Nation, Oklahoma alone","5875","5875",0,0
"08J","Juaneno (Acjachemem) tribal grouping alone","5878:5879","5878",2,0
"08K","Kalispel Indian Community tribal grouping alone","5880:5881","5880",2,0
"08L","Karuk Tribe of California tribal grouping alone","5882:5883","5882",2,0
"08M","Kaw Nation tribal grouping alone","5884:5885","5884",2,0
"08N","Kickapoo tribal grouping alone","5886:5890","5886,5887,5888,5889",1,0
"08O","Kickapoo alone","5886","5886",0,0
"08R","Kiowa alone","5891","5891",0,0
"08S","Kiowa Indian Tribe of Oklahoma alone","5892","5892",0,0
"08T","S'Klallam tribal grouping alone","6224:6228","6224,6225,6226,6227",1,0
"08U","Jamestown S'Klallam Tribe of Washington alone","6225","6225",0,0
"08V","Klallam alone","6224","6224",0,0
"08W","Lower Elwha Tribal Community of the Lower Elwha Reservation, Washington alone","6226","6226",0,0
"08X","Port Gamble S'Klallam Tribe alone","6227","6227",0,0
"08Y","Klamath Indian Tribe of Oregon tribal grouping alone","5896:5897","5896",2,0
"09A","Kootenai tribal grouping alone","5900:5904","5900",2,0
"09B","Long Island tribal grouping alone","5907:5911","5907,5908,5909,5910",1,0
"09D","Poospatuck alone","5909","5909",0,0
"09E","Luiseno tribal grouping alone","5912:5921","5912,5913,5914,5915,5916,5917,5918,5919,5920",1,0
"09F","La Jolla Band of Luiseno Mission Indians alone","5913","5913",0,0
"09G","Luiseno alone","5912","5912",0,0
"09H","Pala Band of Luiseno Mission Indians alone","5914","5914",0,0
"09J","Pechanga Band of Luiseno Mission Indians alone","5916","5916",0,0
"09K","Soboba Band of Luiseno Indians alone","5918","5918",0,0
"09L","Rincon Band of Luiseno Mission Indians alone","5917","5917",0,0
"09P","Maidu alone","5926","5926",0,0
"09R","Makah Indian tribal grouping alone","5936:5937","5936",2,0
"09S","Maliseet tribal grouping alone","5938:5942","5938,5939",1,0
"09T","Maliseet alone","5938","5938",0,0
"09V","Mattaponi tribal grouping alone","5943:5947","5943,5944",1,0
"09W","Mattaponi Indian Tribe alone","5943","5943",0,0
"09Z","Miami tribal grouping alone","5952:5956","5952,5953,5954,5955",1,0
"10A","Indiana Miami alone","5954","5954",0,0
"10B","Miami alone","5952","5952",0,0
"10E","Micmac tribal grouping alone","5959:5963","5959,5960",1,0
"10F","Micmac alone","5959","5959",0,0
"10G","Mission Indians tribal grouping alone","5964:5968","5964,5965",1,0
"10H","Mission Indians alone","5964","5964",0,0
"10K","Miwok/Me-Wuk alone","5969","5969",0,0
"10L","Modoc tribal grouping alone","5979:5983","5979,5980",1,0
"10M","Modoc alone","5979","5979",0,0
"10N","Mohegan Indian tribal grouping alone","5984:5985","5984",2,0
"10P","Mono tribal grouping alone","5988:5992","5988,5989,5990,5991",1,0
"10Q","Mono alone","5988","5988",0,0
"10R","Nanticoke tribal grouping alone","5993:5994","5993",2,0
"10T","Narragansett Indian tribal grouping alone","5997:5998","5997",2,0
"10V","Nez Perce Tribe of Idaho (Nimiipuu) tribal grouping alone","6001:6002","6001",2,0
"10W","Nipmuc tribal grouping alone","6003:6007","6003,6004,6005",1,0
"10X","Nipmuc alone","6003","6003",0,0
"10Y","Nomlaki tribal grouping alone","6008:6012","6008,6009",1,0
"10Z","Nomlaki alone","6008","6008",0,0
"11A","Northwest Tribes tribal grouping alone","6013:6022","6013,6014,6015,6016,6017,6018,6019,6020,6021",1,0
"11C","Omaha Tribe of Nebraska tribal grouping alone","6023:6024","6023",2,0
"11D","Oneida Tribe of Indians of Wisconsin alone","6025","6025",0,0
"11G","Otoe-Missouria Tribe of Indians tribal grouping alone","6031:6032","6031",2,0
"11I","Little River Band of Ottawa Indians of Michigan alone","6035","6035",0,0
"11J","Ottawa alone","6033","6033",0,0
"11K","Little Traverse Bay Bands of Odawa Indians alone","6036","6036",0,0
"11L","Grand River Band of Ottawa Indians alone","6034","6034",0,0
"11N","Burns Paiute Tribe alone","6046","6046",0,0
"11S","Paiute alone","6043","6043",0,0
"11T","Pyramid Lake Paiute Tribe of the Pyramid Lake Reservation, Nevada alone","6057","6057",0,0
"11V","Walker River Paiute Tribe of the Walker River Reservation, Nevada alone","6062","6062",0,0
"11W","Yerington Paiute Tribe of the Yerington Colony and Campbell Ranch, Nevada alone","6065","6065",0,0
"11X","Pamunkey Indian tribal grouping alone","6078:6079","6078",2,0
"11Y","Passamaquoddy tribal grouping alone","6080:6084","6080,6081,6082",1,0
"11Z","Passamaquoddy Tribe of Maine alone","6081","6081",0,0
"12A","Pawnee tribal grouping alone","6085:6089","6085,6086",1,0
"12B","Pawnee alone","6085","6085",0,0
"12C","Penobscot Tribe of Maine tribal grouping alone","6090:6091","6090",2,0
"12D","Peoria tribal grouping alone","6092:6096","6093",2,0
"12E","Peoria Tribe of Indians of Oklahoma alone","6093","6093",0,0
"12G","Pequot tribal grouping alone","6097:6101","6097,6098,6099,6100",1,0
"12H","Mashantucket Pequot Tribe of Connecticut alone","6099","6099",0,0
"12I","Pequot alone","6097","6097",0,0
"12K","Gila River Indian Community of the Gila River Indian Reservation alone","6103","6103",0,0
"12L","Pima alone","6102","6102",0,0
"12M","Salt River Pima-Maricopa Indian Community alone","6105","6105",0,0
"12N","Piscataway tribal grouping alone","6107:6111","6107,6108,6109",1,0
"12O","Pit River tribal grouping alone","6112:6116","6112,6113",1,0
"12P","Pit River Tribe of California alone","6113","6113",0,0
"12T","Pomo alone","6117","6117",0,0
"12Y","Ponca tribal grouping alone","6147:6151","6147,6148,6149",1,0
"13B","Ponca alone","6147","6147",0,0
"13D","Citizen Potawatomi Nation, Oklahoma alone","6153","6153",0,0
"13E","Forest County Potawatomi Community, Wisconsin alone","6154","6154",0,0
"13H","Pokagon Band of Potawatomi Indians alone","6158","6158",0,0
"13I","Potawatomi alone","6152","6152",0,0
"13J","Prairie Band of Potawatomi Nation, Kansas alone","6159","6159",0,0
"13K","Powhatan tribal grouping alone","6162:6163","6162",2,0
"13M","Pueblo of Acoma alone","6167","6167",0,0
"13O","Pueblo of Cochiti alone","6168","6168",0,0
"13Q","Pueblo of Isleta alone","6169","6169",0,0
"13R","Pueblo of Jemez alone","6170","6170",0,0
"13S","Pueblo of Laguna alone","6171","6171",0,0
"13T","Pueblo of Nambe alone","6172","6172",0,0
"13U","Pueblo of Picuris alone","6173","6173",0,0
"13W","Pueblo of Pojoaque alone","6174","6174",0,0
"13X","Pueblo alone","6164","6164",0,0
"13Y","Pueblo of San Felipe alone","6175","6175",0,0
"13Z","Pueblo of San Ildefonso alone","6176","6176",0,0
"14A","Ohkay Owingeh, New Mexico (San Juan Pueblo) alone","6165","6165",0,0
"14C","Pueblo of Sandia alone","6177","6177",0,0
"14D","Pueblo of Santa Ana alone","6178","6178",0,0
"14E","Pueblo of Santa Clara alone","6179","6179",0,0
"14F","Pueblo of Santo Domingo alone","6180","6180",0,0
"14G","Pueblo of Taos alone","6181","6181",0,0
"14H","Pueblo of Tesuque alone","6182","6182",0,0
"14J","Ysleta del Sur Pueblo of Texas alone","6185","6185",0,0
"14K","Pueblo of Zia alone","6183","6183",0,0
"14L","Zuni Tribe of the Zuni Reservation alone","6186","6186",0,0
"14O","Muckleshoot Indian Tribe alone","6194","6194",0,0
"14P","Nisqually Indian Tribe alone","6195","6195",0,0
"14Q","Nooksack Indian Tribe alone","6196","6196",0,0
"14R","Puyallup Tribe alone","6197","6197",0,0
"14U","Skokomish Indian Tribe of the Skokomish Indian Reservation, Washington alone","6200","6200",0,0
"14V","Snohomish alone","6202","6202",0,0
"14X","Squaxin Island Tribe of the Squaxin Island Reservation, Washington alone","6204","6204",0,0
"15A","The Suquamish Tribe alone","6208","6208",0,0
"15B","Swinomish Indian Tribal Community alone","6207","6207",0,0
"15C","Tulalip Tribes alone","6209","6209",0,0
"15D","Upper Skagit Indian Tribe alone","6210","6210",0,0
"15F","Quinault tribal grouping alone","6216:6217","6216",2,0
"15H","Round Valley Indian Tribes tribal grouping alone","6222:6223","6222",2,0
"15I","Sac and Fox tribal grouping alone","6229:6233","6229,6230,6231,6232",1,0
"15J","Sac and Fox Tribe of the Mississippi in Iowa alone","6232","6232",0,0
"15K","Sac and Fox Nation, Oklahoma alone","6231","6231",0,0
"15L","Sac and Fox alone","6229","6229",0,0
"15M","Salinan tribal grouping alone","6234:6235","6234",2,0
"15N","Salish tribal grouping alone","6236:6237","6236",2,0
"15S","Seminole Tribe of Florida alone","6250","6250",0,0
"15T","Seminole Nation of Oklahoma alone","6251","6251",0,0
"15U","Seminole alone","6249","6249",0,0
"15V","Serrano tribal grouping alone","6259:6263","6259,6260",1,0
"15W","Serrano alone","6259","6259",0,0
"15X","Shasta tribal grouping alone","6264:6268","6264,6265",1,0
"15Y","Shasta alone","6264","6264",0,0
"16A","Absentee Shawnee Tribe of Indians of Oklahoma alone","6270","6270",0,0
"16B","Eastern Shawnee alone","6272","6272",0,0
"16C","Shawnee alone","6269","6269",0,0
"16D","Shinnecock Indian Nation tribal grouping alone","6279:6280","6279",2,0
"16I","Confederated Tribes of the Goshute Reservation alone","6284","6284",0,0
"16J","Shoshone alone","6283","6283",0,0
"16K","Death Valley Timbi-Sha Shoshone alone","6285","6285",0,0
"16M","Eastern Shoshone (Wind River) alone","6287","6287",0,0
"16O","Te-Moak Tribes of Western Shoshone Indians of Nevada tribal grouping alone","6326:6335","6326",2,0
"16P","Te-Moak Tribes of Western Shoshone Indians of Nevada alone","6326","6326",0,0
"16S","Paiute-Shoshone Tribe of the Fallon Reservation and Colony, Nevada alone","6071","6071",0,0
"16T","Fort McDermitt Paiute and Shoshone Tribes of Nevada and Oregon alone","6069","6069",0,0
"16U","Shoshone Paiute alone","6068","6068",0,0
"16W","Confederated Tribes of Siletz Indians of Oregon tribal grouping alone","6293:6294","6293",2,0
"17A","Crow Creek Sioux Tribe of the Crow Creek Reservation, South Dakota alone","6298","6298",0,0
"17C","Flandreau Santee Sioux Tribe of South Dakota alone","6300","6300",0,0
"17E","Lower Brule Sioux Tribe of the Lower Brule Reservation, South Dakota alone","6301","6301",0,0
"17F","Lower Sioux Indian Community in the State of Minnesota alone","6302","6302",0,0
"17G","Mdewakanton Sioux alone","6303","6303",0,0
"17K","Rosebud Sioux Tribe of the Rosebud Indian Reservation, South Dakota alone","6307","6307",0,0
"17L","Santee Sioux Nation, Nebraska alone","6308","6308",0,0
"17M","Sioux alone","6295","6295",0,0
"17P","Spirit Lake Tribe alone","6311","6311",0,0
"17Q","Standing Rock Sioux Tribe alone","6312","6312",0,0
"17R","Teton Sioux alone","6313","6313",0,0
"17S","Yankton Sioux Tribe of South Dakota alone","6317","6317",0,0
"17T","Spokane tribal grouping alone","6322:6323","6322",2,0
"17U","Stockbridge-Munsee Community tribal grouping alone","6324:6325","6324",2,0
"17X","Tohono O'odham Nation of Arizona alone","6341","6341",0,0
"17Y","Tolowa tribal grouping alone","6346:6350","6346,6347,6348,6349",1,0
"17Z","Tolowa alone","6346","6346",0,0
"188","Inupiat tribal grouping alone","5220:5319","5220,5221,5222,5223,5224,5225,5226,5227,5228,5229,5230,5231,5232,5233,5234,5235,5236,5237,5238,5239,5240,5241,5242,5243,5244,5245,5246,5247,5248,5249,5250,5251,5252,5253,5254,5255,5256,5257,5258,5259,5260,5261,5262,5263,5264,5265,5266",1,0
"189","Tsimshian tribal grouping alone","5395:5409","5395,5396",1,0
"18C","Confederated Tribes of the Umatilla Indian Reservation tribal grouping alone","6355:6356","6355",2,0
"18D","Umpqua tribal grouping alone","6357:6361","6357,6358",1,0
"18E","Cow Creek Band of Umpqua Indians of Oregon alone","6358","6358",0,0
"18H","Ute Indian Tribe of the Uintah and Ouray Reservation, Utah alone","6364","6364",0,0
"18I","Ute Mountain Ute Tribe alone","6365","6365",0,0
"18J","Ute alone","6362","6362",0,0
"18K","Southern Ute Indian Tribe of the Southern Ute Reservation alone","6363","6363",0,0
"18L","Wailaki tribal grouping alone","6367:6368","6367",2,0
"18O","Wampanoag Tribe of Gay Head (Aquinnah) alone","6380","6380",0,0
"18Q","Wampanoag alone","6371","6371",0,0
"18S","Wascopum tribal grouping alone","6388:6389","6388",2,0
"18T","Washoe tribal grouping alone","6390:6394","6390,6391",1,0
"18U","Washoe Tribe of Nevada and California alone","6391","6391",0,0
"18V","Wichita and Affiliated Tribes, Oklahoma tribal grouping alone","6395:6399","6395",2,0
"18W","Wichita alone","6395","6395",0,0
"18Z","Winnebago Tribe of Nebraska alone","6403","6403",0,0
"190","Yup'ik tribal grouping alone","5410:5499","5410,5411,5412,5413,5414,5415,5416,5417,5418,5419,5420,5421,5422,5423,5424,5425,5426,5427,5428,5429,5430,5431,5432,5433,5434,5435,5436,5437,5438,5439,5440,5441,5442,5443,5444,5445,5446,5447,5448,5449,5450,5451,5452,5453,5454,5455,5456,5457,5458,5459,5460,5461,5462,5463,5464,5465,5466,5467,5468,5469,5470,5471,5472,5473,5474,5475,5476,5477,5478,5479,5480,5481,5482,5483",1,0
"194","Arapaho tribal grouping alone or in any combination","5524:5528","5524,5525,5526,5527",1,1
"195","Assiniboine Sioux tribal grouping alone or in any combination","5531:5535","5531",2,1
"198","Chippewa-Cree Indians of the Rocky Boy's Reservation tribal grouping alone or in any combination","5679:5683","5679",2,1
"199","Chumash tribal grouping alone or in any combination","5701:5705","5701,5702,5703",1,1
"19A","Winnebago alone","6402","6402",0,0
"19B","Wintun tribal grouping alone","6407:6411","6407,6408,6409,6410",1,0
"19C","Wintun alone","6407","6407",0,0
"19D","Wiyot tribal grouping alone","6414:6418","6414,6415",1,0
"19H","Pascua Yaqui Tribe of Arizona alone","6424","6424",0,0
"19I","Yaqui alone","6423","6423",0,0
"19J","Yavapai Apache Nation of the Camp Verde Indian Reservation tribal grouping alone","6428:6429","6428",2,0
"19K","Yokuts tribal grouping alone","6430:6439","6430,6431,6432,6433,6434,6435",1,0
"19L","Picayune Rancheria of Chukchansi Indians alone","6431","6431",0,0
"19M","Tachi alone","6433","6433",0,0
"19N","Tule River Indian Tribe alone","6435","6435",0,0
"19O","Yokuts alone","6430","6430",0,0
"19S","Cocopah Tribe of Arizona alone","6445","6445",0,0
"19U","Hualapai Indian Tribe of the Hualapai Indian Reservation alone","6448","6448",0,0
"19V","Maricopa alone","6104","6104",0,0
"19W","Fort Mojave Indian Tribe of Arizona, California, and Nevada alone","6446","6446",0,0
"19X","Quechan Tribe of the Fort Yuma Indian Reservation alone","6450","6450",0,0
"19Y","Yavapai-Prescott Tribe of the Yavapai Reservation alone","6451","6451",0,0
"19Z","Yurok tribal grouping alone","6455:6459","6455,6456",1,0
"1A5","Piedmont American Indian Association-Lower Eastern Cherokee Nation SC (PAIA) alone","5611","5611",0,0
"1A6","Piedmont American Indian Association-Lower Eastern Cherokee Nation SC (PAIA) alone or in any combination","5611","5611",0,1
"1A7","United Cherokee Ani-Yun-Wiya Nation alone","5615","5615",0,0
"1A8","United Cherokee Ani-Yun-Wiya Nation alone or in any combination","5615","5615",0,1
"1C1","Fernandeno Tataviam Band of Mission Indians alone","5818","5818",0,0
"1C2","Fernandeno Tataviam Band of Mission Indians alone or in any combination","5818","5818",0,1
"1C3","Oneida alone","5866","5866",0,0
"1C4","Oneida alone or in any combination","5866","5866",0,1
"1C5","Kickapoo Tribe of Indians in Kansas alone","5888","5888",0,0
"1C6","Kickapoo Tribe of Indians in Kansas alone or in any combination","5888","5888",0,1
"1D1","Federated Indians of Graton Rancheria alone","6125","6125",0,0
"1D2","Federated Indians of Graton Rancheria alone or in any combination","6125","6125",0,1
"1D3","Saponi alone","6240","6240",0,0
"1D4","Saponi alone or in any combination","6240","6240",0,1
"1D5","Shawnee Tribe, Oklahoma alone","6275","6275",0,0
"1D6","Shawnee Tribe, Oklahoma alone or in any combination","6275","6275",0,1
"1D7","Haliwa-Saponi Indian tribal grouping alone","5840:5841","5840",2,0
"1F1","Chappaquiddick Tribe of the Wampanoag Indian Nation alone or in any combination","6373","6373",0,1
"1F5","California Tribes tribal grouping alone","5566:5585","5566,5567,5568,5569,5570,5572,5574,5575,5576,5577,5578,5579,5580",1,0
"1F6","Cher-Ae Heights Indian Community of the Trinidad Rancheria alone","5569","5569",0,0
"1F7","Fort Hall tribal grouping alone","5822:5826","5822,5823,5824",1,0
"1F8","Gros Ventres tribal grouping alone","5833:5837","5833,5834",1,0
"1F9","Ho-Chunk Nation alone","5842","5842",0,0
"1G2","Hopi Tribe of Arizona alone","5851","5851",0,0
"1G3","Oneida Nation of New York alone","5867","5867",0,0
"1G4","Maidu tribal grouping alone","5926:5935","5926,5927,5928,5929,5930,5931,5932,5933,5934",1,0
"1G7","Pomo tribal grouping alone","6117:6146","6117,6118,6119,6120,6121,6122,6123,6124,6125,6126,6127,6128,6129,6130,6131,6132,6133,6134,6135,6136,6137,6138,6139,6140,6141",1,0
"1G8","Confederated Salish and Kootenai Tribes of the Flathead Nation tribal grouping alone","6238:6239","6238",2,0
"1G9","Three Affiliated Tribes of North Dakota tribal grouping alone","6336:6340","6336,6337,6338,6339",1,0
"1H1","Arikara (Sahnish) alone","6336","6336",0,0
"1H2","Three Affiliated Tribes of Ft. Berthold Reservation, North Dakota alone","6339","6339",0,0
"1H3","Hidatsa alone","6337","6337",0,0
"1H4","Mandan alone","6338","6338",0,0
"1H5","Tonkawa Tribe of Indians of Oklahoma tribal grouping alone","6351:6352","6351",2,0
"1H6","Wampanoag tribal grouping alone","6371:6385","6371,6372,6373,6374,6375,6376,6377,6378,6379,6380",1,0
"1H7","Confederated Tribes of Warm Springs alone","6386","6386",0,0
"1H9","Wiyot Tribe, California alone","6415","6415",0,0
"1J1","Emmonak Village alone","5420","5420",0,0
"1J5","California Tribes tribal grouping alone or in any combination","5566:5585","5566,5567,5568,5569,5570,5572,5574,5575,5576,5577,5578,5579,5580",1,1
"1J6","Cher-Ae Heights Indian Community of the Trinidad Rancheria alone or in any combination","5569","5569",0,1
"1J7","Fort Hall tribal grouping alone or in any combination","5822:5826","5822,5823,5824",1,1
"1J8","Gros Ventres tribal grouping alone or in any combination","5833:5837","5833,5834",1,1
"1J9","Ho-Chunk Nation alone or in any combination","5842","5842",0,1
"1K2","Hopi Tribe of Arizona alone or in any combination","5851","5851",0,1
"1K3","Oneida Nation of New York alone or in any combination","5867","5867",0,1
"1K4","Maidu tribal grouping alone or in any combination","5926:5935","5926,5927,5928,5929,5930,5931,5932,5933,5934",1,1
"1K7","Haliwa-Saponi Indian tribal grouping alone or in any combination","5840:5841","5840",2,1
"1K8","Arikara (Sahnish) alone or in any combination","6336","6336",0,1
"1K9","Three Affiliated Tribes of Ft. Berthold Reservation, North Dakota alone or in any combination","6339","6339",0,1
"1L1","Hidatsa alone or in any combination","6337","6337",0,1
"1L2","Mandan alone or in any combination","6338","6338",0,1
"1L3","Tonkawa Tribe of Indians of Oklahoma tribal grouping alone or in any combination","6351:6352","6351",2,1
"1L4","Wampanoag tribal grouping alone or in any combination","6371:6385","6371,6372,6373,6374,6375,6376,6377,6378,6379,6380",1,1
"1L5","Confederated Tribes of Warm Springs alone or in any combination","6386","6386",0,1
"1L6","Pokanoket (Royal House of Pokanoket) alone or in any combination","6377","6377",0,1
"1L8","Wiyot Tribe, California alone or in any combination","6415","6415",0,1
"1L9","Emmonak Village alone or in any combination","5420","5420",0,1
"200","Alaskan Athabascan tribal grouping alone","5020:5119","5020,5021,5022,5023,5024,5025,5026,5027,5028,5029,5030,5031,5032,5033,5034,5035,5036,5037,5038,5039,5040,5041,5042,5043,5044,5045,5046,5047,5048,5049,5050,5051,5052,5053,5054,5055,5056,5057,5058,5059,5060,5061,5062,5063,5064,5065,5066,5067,5068,5069,5070,5071,5072,5073,5074,5075,5076,5077,5078,5079,5080,5081,5082,5083,5084,5085,5086,5087,5088,5089",1,0
"201","Alaskan Athabascan tribal grouping alone or in any combination","5020:5119","5020,5021,5022,5023,5024,5025,5026,5027,5028,5029,5030,5031,5032,5033,5034,5035,5036,5037,5038,5039,5040,5041,5042,5043,5044,5045,5046,5047,5048,5049,5050,5051,5052,5053,5054,5055,5056,5057,5058,5059,5060,5061,5062,5063,5064,5065,5066,5067,5068,5069,5070,5071,5072,5073,5074,5075,5076,5077,5078,5079,5080,5081,5082,5083,5084,5085,5086,5087,5088,5089",1,1
"202","Aleut tribal grouping alone","5120:5219","5120,5121,5122,5123,5124,5125,5126,5127,5128,5129,5130,5131,5132,5134,5135,5136,5137,5138,5139,5140,5141,5142,5143,5144,5145,5146,5147,5148,5149,5150,5151,5152,5153,5154,5155,5156,5157,5158,5159,5160,5161,5162,5163,5164,5165,5166,5167,5168,5169,5170,5171,5172,5173",1,0
"203","Aleut tribal grouping alone or in any combination","5120:5219","5120,5121,5122,5123,5124,5125,5126,5127,5128,5129,5130,5131,5132,5134,5135,5136,5137,5138,5139,5140,5141,5142,5143,5144,5145,5146,5147,5148,5149,5150,5151,5152,5153,5154,5155,5156,5157,5158,5159,5160,5161,5162,5163,5164,5165,5166,5167,5168,5169,5170,5171,5172,5173",1,1
"204","Apache tribal grouping alone","5514:5523","5514,5515,5516,5517,5518,5519,5520,5521,5522",1,0
"205","Apache tribal grouping alone or in any combination","5514:5523","5514,5515,5516,5517,5518,5519,5520,5521,5522",1,1
"206","Blackfeet Tribe of the Blackfeet Indian Reservation of Montana alone","5536:5540","5536",2,0
"207","Blackfeet Tribe of the Blackfeet Indian Reservation of Montana alone or in any combination","5536:5540","5536",2,1
"20A","Yurok Tribe alone","6455","6455",0,0
"20E","Alaskan Athabascan alone","5020","5020",0,0
"20F","Allakaket Village alone","5025","5025",0,0
"20I","Doyon alone","5036","5036",0,0
"20J","Native Village of Fort Yukon alone","5055","5055",0,0
"20K","Holy Cross Village alone","5042","5042",0,0
"20M","Koyukuk Native Village alone","5046","5046",0,0
"20N","Native Village of Minto alone","5058","5058",0,0
"20P","Nondalton Village alone","5069","5069",0,0
"20Q","Nulato Village alone","5071","5071",0,0
"20S","Shageluk Native Village alone","5076","5076",0,0
"20T","Native Village of Tanacross alone","5061","5061",0,0
"20V","Village of Venetie alone","5087","5087",0,0
"20W","Kenaitze Indian Tribe alone","5089","5089",0,0
"20Z","Haida alone","5326","5326",0,0
"210","Cheyenne tribal grouping alone","5619:5623","5619,5620,5621",1,0
"211","Cheyenne tribal grouping alone or in any combination","5619:5623","5619,5620,5621",1,1
"212","Chickasaw tribal grouping alone","5634:5638","5634,5635",1,0
"213","Chickasaw tribal grouping alone or in any combination","5634:5638","5634,5635",1,1
"214","Chippewa tribal grouping alone","5649:5678","5649,5650,5651,5652,5653,5654,5655,5656,5657,5658,5659,5660,5661,5662,5663,5664,5665,5666,5667,5668,5669,5670,5671,5672,5673",1,0
"215","Chippewa tribal grouping alone or in any combination","5649:5678","5649,5650,5651,5652,5653,5654,5655,5656,5657,5658,5659,5660,5661,5662,5663,5664,5665,5666,5667,5668,5669,5670,5671,5672,5673",1,1
"216","Choctaw tribal grouping alone","5689:5698","5689,5690,5691,5692,5693,5694,5695",1,0
"217","Choctaw tribal grouping alone or in any combination","5689:5698","5689,5690,5691,5692,5693,5694,5695",1,1
"218","Confederated Tribes of the Colville Reservation tribal grouping alone","5714:5715","5714",2,0
"219","Confederated Tribes of the Colville Reservation tribal grouping alone or in any combination","5714:5715","5714",2,1
"21C","Organized Village of Kake alone","5331","5331",0,0
"21D","Ketchikan Indian Corporation alone","5329","5329",0,0
"21G","Sitka Tribe of Alaska alone","5337","5337",0,0
"21H","Tlingit alone","5320","5320",0,0
"21J","Metlakatla Indian Community, Annette Island Reserve alone","5396","5396",0,0
"21K","Tsimshian alone","5395","5395",0,0
"21O","Eskimo alone","5220","5220",0,0
"21R","Native Village of Ambler alone","5235","5235",0,0
"21S","Arctic Slope Corporation alone","5223","5223",0,0
"21T","Native Village of Barrow Inupiat Traditional Government alone","5236","5236",0,0
"21U","Bering Straits Inupiat alone","5225","5225",0,0
"21V","Native Village of Brevig Mission alone","5237","5237",0,0
"21W","Native Village of Buckland alone","5238","5238",0,0
"21Z","Native Village of Elim alone","5242","5242",0,0
"220","Comanche Nation, Oklahoma tribal grouping alone","5716:5717","5716",2,0
"221","Comanche Nation, Oklahoma tribal grouping alone or in any combination","5716:5717","5716",2,1
"222","Cree tribal grouping alone","5733:5734","5733",2,0
"223","Cree tribal grouping alone or in any combination","5733:5734","5733",2,1
"224","Creek tribal grouping alone","5735:5749","5735,5736,5737,5738,5739,5740,5741,5742,5743,5744,5745,5746,5747",1,0
"225","Creek tribal grouping alone or in any combination","5735:5749","5735,5736,5737,5738,5739,5740,5741,5742,5743,5744,5745,5746,5747",1,1
"226","Crow Tribe of Montana tribal grouping alone","5752:5753","5752",2,0
"227","Crow Tribe of Montana tribal grouping alone or in any combination","5752:5753","5752",2,1
"228","Delaware tribal grouping alone","5761:5770","5761,5762,5763,5764,5765,5766,5767",1,0
"229","Delaware tribal grouping alone or in any combination","5761:5770","5761,5762,5763,5764,5765,5766,5767",1,1
"22C","Native Village of Kiana alone","5243","5243",0,0
"22D","Native Village of Kivalina alone","5244","5244",0,0
"22E","Native Village of Kotzebue alone","5246","5246",0,0
"22F","Native Village of Koyuk alone","5247","5247",0,0
"22H","Nana Inupiat alone","5234","5234",0,0
"22I","Native Village of Noatak alone","5250","5250",0,0
"22J","Nome Eskimo Community alone","5262","5262",0,0
"22K","Native Village of Point Hope alone","5252","5252",0,0
"22L","Native Village of Selawik alone","5254","5254",0,0
"22M","Native Village of Shaktoolik alone","5255","5255",0,0
"22N","Native Village of Shishmaref alone","5256","5256",0,0
"22O","Native Village of Shungnak alone","5257","5257",0,0
"22P","Native Village of Teller alone","5258","5258",0,0
"22Q","Native Village of Unalakleet alone","5259","5259",0,0
"22S","Native Village of White Mountain alone","5261","5261",0,0
"22T","King Island Native Community alone","5233","5233",0,0
"22V","Native Village of Gambell alone","5429","5429",0,0
"22W","Native Village of Savoonga alone","5448","5448",0,0
"22Z","Akiachak Native Community alone","5411","5411",0,0
"232","United Houma Nation tribal grouping alone","5856:5857","5856",2,0
"233","United Houma Nation tribal grouping alone or in any combination","5856:5857","5856",2,1
"234","Iroquois tribal grouping alone","5863:5877","5863,5864,5865,5866,5867,5868,5869,5870,5872,5873,5874,5875",1,0
"235","Iroquois tribal grouping alone or in any combination","5863:5877","5863,5864,5865,5866,5867,5868,5869,5870,5872,5873,5874,5875",1,1
"236","Kiowa tribal grouping alone","5891:5895","5891,5892",1,0
"237","Kiowa tribal grouping alone or in any combination","5891:5895","5891,5892",1,1
"23A","Village of Alakanuk alone","5469","5469",0,0
"23B","Village of Aniak alone","5470","5470",0,0
"23C","Orutsararmuit Native Village (Bethel) alone","5458","5458",0,0
"23D","Bristol Bay alone","5415","5415",0,0
"23E","Calista alone","5416","5416",0,0
"23F","Village of Chefornak alone","5473","5473",0,0
"23G","Native Village of Chuathbaluk alone","5426","5426",0,0
"23H","Curyung Tribal Council (Native Village of Dillingham) alone","5418","5418",0,0
"23J","Native Village of Goodnews Bay alone","5431","5431",0,0
"23K","Native Village of Hooper Bay (Naparyarmiut) alone","5433","5433",0,0
"23L","Iqurmuit Traditional Council alone","5421","5421",0,0
"23M","Native Village of Kasigluk alone","5434","5434",0,0
"23N","Native Village of Kipnuk alone","5435","5435",0,0
"23O","New Koliganek Village Council alone","5452","5452",0,0
"23P","Native Village of Kongiganak alone","5436","5436",0,0
"23Q","Organized Village of Kwethluk alone","5457","5457",0,0
"23R","Native Village of Marshall (Fortuna Ledge) alone","5439","5439",0,0
"23S","Asa'carsarmiut Tribe alone","5414","5414",0,0
"23T","Naknek Native Village alone","5424","5424",0,0
"23U","Native Village of Napakiak alone","5441","5441",0,0
"23V","Native Village of Napaskiak alone","5442","5442",0,0
"23W","Newhalen Village alone","5454","5454",0,0
"23X","Newtok Village alone","5455","5455",0,0
"23Y","Native Village of Nightmute alone","5443","5443",0,0
"23Z","Native Village of Nunapitchuk alone","5445","5445",0,0
"240","Lumbee Indian tribal grouping alone","5922:5923","5922",2,0
"241","Lumbee Indian tribal grouping alone or in any combination","5922:5923","5922",2,1
"242","Menominee Indian tribal grouping alone","5948:5949","5948",2,0
"243","Menominee Indian tribal grouping alone or in any combination","5948:5949","5948",2,1
"244","Navajo Nation tribal grouping alone","5999:6000","5999",2,0
"245","Navajo Nation tribal grouping alone or in any combination","5999:6000","5999",2,1
"246","Osage Tribe, Oklahoma tribal grouping alone","6029:6030","6029",2,0
"247","Osage Tribe, Oklahoma tribal grouping alone or in any combination","6029:6030","6029",2,1
"248","Ottawa tribal grouping alone","6033:6042","6033,6034,6035,6036,6037",1,0
"249","Ottawa tribal grouping alone or in any combination","6033:6042","6033,6034,6035,6036,6037",1,1
"24A","Native Village of Saint Michael alone","5447","5447",0,0
"24B","Stebbins Community Association alone","5464","5464",0,0
"24C","Traditional Village of Togiak alone","5465","5465",0,0
"24D","Native Village of Tuntutuliak alone","5450","5450",0,0
"24E","Native Village of Tununak alone","5451","5451",0,0
"24H","Algaaciq Native Village (St. Mary's) alone","5413","5413",0,0
"24L","Alutiiq alone","5123","5123",0,0
"24S","Koniag Aleut alone","5138","5138",0,0
"24T","Village of Old Harbor alone","5173","5173",0,0
"24V","Native Village of Port Lions alone","5160","5160",0,0
"24X","Aleut Corporation alone","5122","5122",0,0
"250","Paiute tribal grouping alone","6043:6067","6043,6044,6045,6046,6047,6048,6049,6050,6051,6052,6053,6054,6055,6056,6057,6058,6059,6060,6061,6062,6063,6065",1,0
"251","Paiute tribal grouping alone or in any combination","6043:6067","6043,6044,6045,6046,6047,6048,6049,6050,6051,6052,6053,6054,6055,6056,6057,6058,6059,6060,6061,6062,6063,6065",1,1
"252","Pima tribal grouping alone","6102:6106","6102,6103,6104,6105",1,0
"253","Pima tribal grouping alone or in any combination","6102:6106","6102,6103,6104,6105",1,1
"254","Potawatomi tribal grouping alone","6152:6161","6152,6153,6154,6155,6156,6157,6158,6159",1,0
"255","Potawatomi tribal grouping alone or in any combination","6152:6161","6152,6153,6154,6155,6156,6157,6158,6159",1,1
"258","Puget Sound Salish tribal grouping alone","6189:6213","6189,6190,6191,6192,6193,6194,6195,6196,6197,6198,6199,6200,6201,6202,6203,6204,6205,6206,6207,6208,6209,6210",1,0
"259","Puget Sound Salish tribal grouping alone or in any combination","6189:6213","6189,6190,6191,6192,6193,6194,6195,6196,6197,6198,6199,6200,6201,6202,6203,6204,6205,6206,6207,6208,6209,6210",1,1
"25A","Qagan Tayagungin Tribe of Sand Point Village alone","5164","5164",0,0
"25C","Saint Paul Island alone","5167","5167",0,0
"260","Seminole tribal grouping alone","6249:6258","6249,6250,6251",1,0
"261","Seminole tribal grouping alone or in any combination","6249:6258","6249,6250,6251",1,1
"262","Shoshone tribal grouping alone","6283:6292","6283,6284,6285,6286,6287,6288,6289,6290,6291",1,0
"263","Shoshone tribal grouping alone or in any combination","6283:6292","6283,6284,6285,6286,6287,6288,6289,6290,6291",1,1
"270","Ute tribal grouping alone","6362:6366","6362,6363,6364,6365",1,0
"271","Ute tribal grouping alone or in any combination","6362:6366","6362,6363,6364,6365",1,1
"272","Confederated Tribes and Bands of the Yakama Nation tribal grouping alone","6419:6420","6419",2,0
"273","Confederated Tribes and Bands of the Yakama Nation tribal grouping alone or in any combination","6419:6420","6419",2,1
"274","Yaqui tribal grouping alone","6423:6427","6423,6424",1,0
"275","Yaqui tribal grouping alone or in any combination","6423:6427","6423,6424",1,1
"276","Yuman tribal grouping alone","6445:6454","6445,6446,6447,6448,6450,6451",1,0
"277","Yuman tribal grouping alone or in any combination","6445:6454","6445,6446,6447,6448,6450,6451",1,1
"279","Arapaho tribal grouping alone","5524:5528","5524,5525,5526,5527",1,0
"280","Assiniboine Sioux tribal grouping alone","5531:5535","5531",2,0
"285","Eastern Tribes tribal grouping alone","5786:5815","5786,5787,5788,5789,5790,5791,5792,5793,5794,5795,5796,5797,5798,5799,5800,5801,5802,5803,5804,5805,5806,5807,5808,5809,5810,5811",1,0
"286","Hopi tribal grouping alone","5851:5855","5851",2,0
"295","Shawnee tribal grouping alone","6269:6278","6269,6270,6271,6272,6273,6274,6275",1,0
"2A8","Clifton Choctaw alone","5691","5691",0,0
"2B4","Abenaki Nation of Missisquoi alone","5505","5505",0,0
"2B6","Cherokee Alabama alone","5601","5601",0,0
"2B8","Jena Band of Choctaw alone","5692","5692",0,0
"2C4","Ak-Chin Indian Community of the Maricopa Indian Reservation alone","5510","5510",0,0
"2C5","Caddo Nation of Oklahoma alone","5553","5553",0,0
"2D5","Caddo Adais Indians alone","5552","5552",0,0
"2E9","Croatan tribal grouping alone","5750:5751","5750",2,0
"2G4","Fort Sill Apache (Chiricahua) alone","5516","5516",0,0
"2G5","Los Coyotes Band of Cahuilla and Cupeno Indians alone","5560","5560",0,0
"2H9","Agua Caliente alone","5757","5757",0,0
"2I4","Lipan Apache alone","5518","5518",0,0
"2I5","Torres-Martinez Desert Cahuilla Indians alone","5564","5564",0,0
"2I6","Cherokee Nation of Oklahoma (Western Cherokee) alone","5603","5603",0,0
"2I8","Santa Ynez Band of Chumash Mission Indians alone","5703","5703",0,0
"2J8","San Luis Rey Mission Indian alone","5702","5702",0,0
"2J9","Delaware (Lenni-Lenape) alone","5761","5761",0,0
"2K5","Cahto Indian Tribe of the Laytonville Rancheria alone","5567","5567",0,0
"2K6","Cherokee of Georgia alone","5604","5604",0,0
"2K9","Munsee alone","5765","5765",0,0
"2L5","Kern River Paiute Council alone","5572","5572",0,0
"2L9","Delaware Nation alone","5763","5763",0,0
"2M5","Wappo alone","5578","5578",0,0
"2O5","Bear River Band of Rohnerville Rancheria alone","5566","5566",0,0
"2P6","Cheyenne and Arapaho Tribes, Oklahoma tribal grouping alone","5624:5628","5624",2,0
"2P8","Coos alone","5718","5718",0,0
"2P9","Campo Band of Diegueno Mission Indians alone","5773","5773",0,0
"2Q8","Confederated Tribes of Coos, Lower Umpqua, and Siuslaw Indians tribal grouping alone","5720:5721","5720",2,0
"2R4","Assiniboine tribal grouping alone","5529:5530","5529",2,0
"2S5","Cayuse tribal grouping alone","5588:5589","5588",2,0
"2T6","Chickasaw Nation alone","5635","5635",0,0
"2U5","Confederated Tribes of the Chehalis Reservation, Washington tribal grouping alone","5590:5591","5590",2,0
"2U9","Sycuan Band of the Kumeyaay Nation alone","5783","5783",0,0
"2V5","Chemakuan tribal grouping alone","5592:5596","5592,5593,5594",1,0
"2W5","Hoh Indian Tribe of the Hoh Reservation, Washington alone","5593","5593",0,0
"2X7","Chitimacha Tribe of Louisiana alone","5684","5684",0,0
"2X9","Attacapa alone","5786","5786",0,0
"2Y5","Chemehuevi Indian tribal grouping alone","5597:5598","5597",2,0
"2Y9","Nansemond Indian Tribe alone","5795","5795",0,0
"2Z4","Brotherton alone","5541","5541",0,0
"2Z9","Natchez Indian Tribe of South Carolina (Kusso-Natchez; Edisto) alone","5796","5796",0,0
"320","Cherokee tribal grouping alone","5599:5618","5599,5600,5601,5602,5603,5604,5605,5606,5607,5608,5609,5610,5611,5612,5613,5614,5615,5616,5617",1,0
"321","Pueblo tribal grouping alone","6164:6188","6164,6165,6166,6167,6168,6169,6170,6171,6172,6173,6174,6175,6176,6177,6178,6179,6180,6181,6182,6183,6184,6185,6186",1,0
"322","Sioux tribal grouping alone","6295:6319","6295,6296,6297,6298,6300,6301,6302,6303,6304,6305,6306,6307,6308,6309,6310,6311,6312,6313,6314,6315,6316,6317,6318",1,0
"323","Tohono O'odham tribal grouping alone","6341:6345","6341",2,0
"324","Tlingit-Haida tribal grouping alone","5320:5394","5320,5321,5322,5323,5324,5325,5326,5327,5328,5329,5330,5331,5332,5333,5334,5335,5336,5337,5338,5339,5340,5341,5342",1,0
"325","Cherokee tribal grouping alone or in any combination","5599:5618","5599,5600,5601,5602,5603,5604,5605,5606,5607,5608,5609,5610,5611,5612,5613,5614,5615,5616,5617",1,1
"326","Pueblo tribal grouping alone or in any combination","6164:6188","6164,6165,6166,6167,6168,6169,6170,6171,6172,6173,6174,6175,6176,6177,6178,6179,6180,6181,6182,6183,6184,6185,6186",1,1
"327","Sioux tribal grouping alone or in any combination","6295:6319","6295,6296,6297,6298,6300,6301,6302,6303,6304,6305,6306,6307,6308,6309,6310,6311,6312,6313,6314,6315,6316,6317,6318",1,1
"328","Tohono O'odham tribal grouping alone or in any combination","6341:6345","6341",2,1
"329","Tlingit-Haida tribal grouping alone or in any combination","5320:5394","5320,5321,5322,5323,5324,5325,5326,5327,5328,5329,5330,5331,5332,5333,5334,5335,5336,5337,5338,5339,5340,5341,5342",1,1
"3A5","Kaibab Band of Paiute Indians of the Kaibab Indian Reservation alone","6050","6050",0,0
"3A9","Reno-Sparks Indian Colony, Nevada tribal grouping alone","6220:6221","6220",2,0
"3B3","Houlton Band of Maliseet Indians alone","5939","5939",0,0
"3B4","North Fork Rancheria of Mono Indians alone","5991","5991",0,0
"3B5","Moapa Band of Paiute Indians of the Moapa River Indian Reservation, Nevada alone","6054","6054",0,0
"3C2","Konkow tribal grouping alone","5898:5899","5898",2,0
"3C4","Cold Springs Rancheria of Mono Indians alone","5990","5990",0,0
"3C5","Northern Paiute alone","6055","6055",0,0
"3C7","Hannahville Potawatomi Indian Tribe, Michigan alone","6155","6155",0,0
"3D4","Big Sandy Band of Western Mono Indians alone","5989","5989",0,0
"3D7","Nottawaseppi Huron Band of the Potawatomi, Michigan alone","6157","6157",0,0
"3E0","Esselen tribal grouping alone","5816:5817","5816",2,0
"3E3","Upper Mattaponi Tribe alone","5944","5944",0,0
"3F0","Fort Belknap Indian Community of the Fort Belknap Reservation alone","5820","5820",0,0
"3F4","Nanticoke Lenni-Lenape alone","5995","5995",0,0
"3F5","Paiute Indian Tribe of Utah (Southern Paiute) alone","6056","6056",0,0
"3G2","Montauk alone","5908","5908",0,0
"3H0","Shoshone-Bannock Tribes of the Fort Hall Reservation alone","5824","5824",0,0
"3H7","Match-e-be-nash-she-wish Band of Pottawatomi Indians alone","6156","6156",0,0
"3I0","Fort McDowell Yavapai Nation tribal grouping alone","5827:5828","5827",2,0
"3I3","Illinois Miami alone","5953","5953",0,0
"3I5","Susanville Indian Rancheria, California alone","6060","6060",0,0
"3I8","Duwamish alone","6190","6190",0,0
"3J5","Paiute-Shoshone tribal grouping alone","6068:6077","6068,6069,6070,6071,6072,6073",1,0
"3K0","Gabrieleno alone","5829","5829",0,0
"3K5","Shoshone-Paiute Tribes of the Duck Valley Reservation alone","6073","6073",0,0
"3K6","Big Valley Band of Pomo Indians of the Big Valley Rancheria alone","6118","6118",0,0
"3K9","Schaghticoke tribal grouping alone","6247:6248","6247",2,0
"3L0","Confederated Tribes of the Grand Ronde Community of Oregon alone","5831","5831",0,0
"3L3","Miami Tribe of Oklahoma alone","5955","5955",0,0
"3L6","Dry Creek Rancheria of Pomo Indians alone","6122","6122",0,0
"3M2","Pauma Band of Luiseno Mission Indians alone","5915","5915",0,0
"3M3","Miccosukee Tribe of Indians of Florida tribal grouping alone","5957:5958","5957",2,0
"3M6","Kashia Band of Pomo Indians of the Stewarts Point Rancheria alone","6129","6129",0,0
"3N8","Samish Indian Tribe alone","6198","6198",0,0
"3O3","Aroostook Band of Micmac Indians alone","5960","5960",0,0
"3O5","Bishop Paiute Tribe alone","6072","6072",0,0
"3O6","Sherwood Valley Rancheria of Pomo Indians of California alone","6140","6140",0,0
"3P5","Lone Pine alone","6070","6070",0,0
"3P6","Cloverdale Rancheria of Pomo Indians of California alone","6120","6120",0,0
"3Q0","Hoopa tribal grouping alone","5844:5848","5844,5845,5846",1,0
"3Q6","Coyote Valley Band of Pomo Indians of California alone","6121","6121",0,0
"3Q8","Snoqualmie Tribe alone","6203","6203",0,0
"3Q9","San Manuel Band of Serrano Mission Indians alone","6260","6260",0,0
"3R2","Lummi tribal grouping alone","5924:5925","5924",2,0
"3R6","Hopland Band of Pomo Indians alone","6128","6128",0,0
"3R7","Piro Manso Tiwa Tribe alone","6166","6166",0,0
"3S1","Kickapoo Tribe of Oklahoma alone","5889","5889",0,0
"3S3","Miwok/Me-Wuk tribal grouping alone","5969:5978","5969,5970,5971,5972,5973,5974,5975,5976",1,0
"3S6","Manchester Band of Pomo Indians of the Manchester-Point Arena Rancheria alone","6132","6132",0,0
"3S8","Stillaguamish alone","6206","6206",0,0
"3T2","Mooretown Rancheria of Maidu Indians alone","5931","5931",0,0
"3T3","Ione Band of Miwok Indians alone","5972","5972",0,0
"3T6","Pinoleville Pomo Nation alone","6135","6135",0,0
"3U4","Ottawa Tribe of Oklahoma alone","6037","6037",0,0
"3U6","Robinson Rancheria of Pomo Indians alone","6138","6138",0,0
"3U9","Quartz Valley Indian Reservation alone","6265","6265",0,0
"3V2","Mechoopda Indian Tribe of Chico Rancheria alone","5930","5930",0,0
"3W2","Berry Creek Rancheria of Maidu Indians alone","5927","5927",0,0
"3W6","Ponca Tribe of Nebraska alone","6149","6149",0,0
"3X2","Enterprise Rancheria of Maidu Indians alone","5928","5928",0,0
"3X6","Ponca Tribe of Indians of Oklahoma alone","6148","6148",0,0
"3X7","San Juan alone","6184","6184",0,0
"3X8","Quapaw Tribe of Indians, Oklahoma tribal grouping alone","6214:6215","6214",2,0
"3Y3","Monacan Indian Nation alone","5986","5986",0,0
"3Z0","Iowa Tribe of Oklahoma alone","5860","5860",0,0
"3Z8","Rappahannock Indian tribal grouping alone","6218:6219","6218",2,0
"3Z9","Piqua Shawnee Tribe alone","6273","6273",0,0
"477","Eastern Tribes tribal grouping alone or in any combination","5786:5815","5786,5787,5788,5789,5790,5791,5792,5793,5794,5795,5796,5797,5798,5799,5800,5801,5802,5803,5804,5805,5806,5807,5808,5809,5810,5811",1,1
"478","Hopi tribal grouping alone or in any combination","5851:5855","5851",2,1
"479","Luiseno tribal grouping alone or in any combination","5912:5921","5912,5913,5914,5915,5916,5917,5918,5919,5920",1,1
"481","Miami tribal grouping alone or in any combination","5952:5956","5952,5953,5954,5955",1,1
"482","Micmac tribal grouping alone or in any combination","5959:5963","5959,5960",1,1
"483","Oneida Tribe of Indians of Wisconsin alone or in any combination","6025","6025",0,1
"484","Pomo tribal grouping alone or in any combination","6117:6146","6117,6118,6119,6120,6121,6122,6123,6124,6125,6126,6127,6128,6129,6130,6131,6132,6133,6134,6135,6136,6137,6138,6139,6140,6141",1,1
"485","Sac and Fox tribal grouping alone or in any combination","6229:6233","6229,6230,6231,6232",1,1
"486","Confederated Salish and Kootenai Tribes of the Flathead Nation tribal grouping alone or in any combination","6238:6239","6238",2,1
"487","Shawnee tribal grouping alone or in any combination","6269:6278","6269,6270,6271,6272,6273,6274,6275",1,1
"490","Three Affiliated Tribes of North Dakota tribal grouping alone or in any combination","6336:6340","6336,6337,6338,6339",1,1
"494","Inupiat tribal grouping alone or in any combination","5220:5319","5220,5221,5222,5223,5224,5225,5226,5227,5228,5229,5230,5231,5232,5233,5234,5235,5236,5237,5238,5239,5240,5241,5242,5243,5244,5245,5246,5247,5248,5249,5250,5251,5252,5253,5254,5255,5256,5257,5258,5259,5260,5261,5262,5263,5264,5265,5266",1,1
"495","Tsimshian tribal grouping alone or in any combination","5395:5409","5395,5396",1,1
"496","Yup'ik tribal grouping alone or in any combination","5410:5499","5410,5411,5412,5413,5414,5415,5416,5417,5418,5419,5420,5421,5422,5423,5424,5425,5426,5427,5428,5429,5430,5431,5432,5433,5434,5435,5436,5437,5438,5439,5440,5441,5442,5443,5444,5445,5446,5447,5448,5449,5450,5451,5452,5453,5454,5455,5456,5457,5458,5459,5460,5461,5462,5463,5464,5465,5466,5467,5468,5469,5470,5471,5472,5473,5474,5475,5476,5477,5478,5479,5480,5481,5482,5483",1,1
"4A4","Cook Inlet alone","5034","5034",0,0
"4A5","Aleut alone","5120","5120",0,0
"4A8","Akiak Native Community alone","5412","5412",0,0
"4A9","Village of Lower Kalskag alone","5478","5478",0,0
"4B0","Shoalwater Bay Tribe of the Shoalwater Bay Reservation, Washington tribal grouping alone","6281:6282","6281",2,0
"4B6","Atqasuk Village (Atkasook) alone","5224","5224",0,0
"4B9","Manokotak Village alone","5423","5423",0,0
"4C5","Native Village of Afognak alone","5140","5140",0,0
"4C8","Native Village of Aleknagik alone","5425","5425",0,0
"4D0","Duckwater Shoshone Tribe alone","6286","6286",0,0
"4D1","Upper Sioux Community alone","6314","6314",0,0
"4D4","Galena Village (Louden Village) alone","5039","5039",0,0
"4D5","Chignik Lake Village alone","5126","5126",0,0
"4D7","Native Village of Wales alone","5260","5260",0,0
"4D8","Yupiit of Andreafski alone","5482","5482",0,0
"4E0","Ely Shoshone Tribe alone","6288","6288",0,0
"4E4","Organized Village of Grayling (Holikachuk) alone","5072","5072",0,0
"4E5","Kokhanok Village alone","5137","5137",0,0
"4F5","Chugach Aleut alone","5127","5127",0,0
"4F8","Village of Atmautluak alone","5471","5471",0,0
"4G2","Walla Walla tribal grouping alone","6369:6370","6369",2,0
"4G4","Village of Kaltag alone","5084","5084",0,0
"4G5","Chugach Corporation alone","5128","5128",0,0
"4G6","Chinik Eskimo Community (Golovin) alone","5227","5227",0,0
"4G7","Chevak Native Village alone","5226","5226",0,0
"4H4","Native Village of Kluti Kaah (Copper Center) alone","5057","5057",0,0
"4H5","Native Village of Nanwalek (English Bay) alone","5152","5152",0,0
"4H7","Native Village of Mekoryuk alone","5249","5249",0,0
"4I0","Northwestern Band of Shoshone Nation of Utah (Washakie) alone","6289","6289",0,0
"4I5","Native Village of Eyak (Cordova) alone","5147","5147",0,0
"4I6","Native Village of Diomede (Inalik) alone","5241","5241",0,0
"4I9","New Stuyahok Village alone","5453","5453",0,0
"4J2","Mashpee Wampanoag Tribe alone","6375","6375",0,0
"4J5","Agdaagux Tribe of King Cove alone","5121","5121",0,0
"4J6","Inupiat (Inupiaq) alone","5221","5221",0,0
"4J7","Central Council of the Tlingit and Haida Indian Tribes alone","5321","5321",0,0
"4K3","Yuchi tribal grouping alone","6440:6444","6440,6441",1,0
"4K4","Nenana Native Association alone","5066","5066",0,0
"4K6","Kaktovik Village (Barter Island) alone","5231","5231",0,0
"4L3","Yuchi alone","6440","6440",0,0
"4L4","Ninilchik Village Traditional Council alone","5068","5068",0,0
"4L5","Native Village of Larsen Bay alone","5151","5151",0,0
"4L8","Village of Crooked Creek alone","5475","5475",0,0
"4M0","Cheyenne River Sioux Tribe of the Cheyenne River Reservation, South Dakota alone","6297","6297",0,0
"4M9","Native Village of Pitka's Point alone","5446","5446",0,0
"4N4","Northway Village alone","5070","5070",0,0
"4N5","Native Village of Ouzinkie alone","5155","5155",0,0
"4N6","Native Village of Kobuk alone","5245","5245",0,0
"4N8","Native Village of Eek alone","5427","5427",0,0
"4N9","Native Village of Kwinhagak alone","5438","5438",0,0
"4O8","Ekwok Village alone","5419","5419",0,0
"4P4","Native Village of Ruby alone","5059","5059",0,0
"4P5","Sun'aq Tribe of Kodiak alone","5170","5170",0,0
"4P7","Yakutat Tlingit Tribe alone","5342","5342",0,0
"4P9","Native Village of Scammon Bay alone","5449","5449",0,0
"4Q4","Seldovia Village Tribe alone","5075","5075",0,0
"4Q7","Sealaska Corporation (Southeast Alaska) alone","5336","5336",0,0
"4Q9","Native Village of Nunam Iqua (Sheldon's Point) alone","5444","5444",0,0
"4S2","Winnebago tribal grouping alone","6402:6406","6402,6403",1,0
"4S4","Native Village of Stevens alone","5060","5060",0,0
"4S5","Qawalangin Tribe of Unalaska alone","5165","5165",0,0
"4S8","Village of Kalskag alone","5476","5476",0,0
"4T0","Oglala Sioux Tribe of the Pine Ridge Reservation, South Dakota alone","6304","6304",0,0
"4T5","Saint George Island alone","5166","5166",0,0
"4T6","Noorvik Native Community alone","5263","5263",0,0
"4T9","Nunakauyarmiut Tribe (Toksook Bay) alone","5456","5456",0,0
"4U0","Prairie Island Indian Community alone","6306","6306",0,0
"4U1","Smith River Rancheria alone","6349","6349",0,0
"4U4","Native Village of Tanana alone","5062","5062",0,0
"4U6","Native Village of Nuiqsut (Nooiksut) alone","5251","5251",0,0
"4U9","Tuluksak Native Community alone","5466","5466",0,0
"4V0","Shakopee Mdewakanton Sioux Commnuity (Prior Lake) alone","6309","6309",0,0
"4V4","Native Village of Tetlin alone","5064","5064",0,0
"4W3","Ahtna, Inc. Corporation alone","5021","5021",0,0
"4W4","Native Village of Tyonek alone","5065","5065",0,0
"4W6","Native Village of Point Lay alone","5253","5253",0,0
"4X2","Cortina Indian Rancheria of Wintun Indians alone","6409","6409",0,0
"4X5","Inuit alone","5229","5229",0,0
"4X8","Village of Kotlik alone","5477","5477",0,0
"4X9","Yup'ik (Yup'ik Eskimo) alone","5410","5410",0,0
"4Y7","Siberian Yupik alone","5463","5463",0,0
"4Z0","Sisseton-Wahpeton Oyate of the Lake Traverse Reservation, South Dakota alone","6310","6310",0,0
"4Z1","Umpqua alone","6357","6357",0,0
"4Z3","Beaver Village alone","5028","5028",0,0
"4Z5","Village of Anaktuvuk Pass alone","5264","5264",0,0
"4Z8","Native Village of Kwigillingok alone","5437","5437",0,0
"4Z9","American Indian alone","5500:6499","5500:6499",1,0
"50C","Abenaki tribal grouping alone or in any combination","5505:5509","5505,5506,5507,5508",1,1
"50D","Algonquian tribal grouping alone or in any combination","5512:5513","5512",2,1
"50F","Apache alone or in any combination","5514","5514",0,1
"50I","Jicarilla Apache Nation alone or in any combination","5517","5517",0,1
"50K","Mescalero Apache Tribe of the Mescalero Reservation, New Mexico alone or in any combination","5519","5519",0,1
"50L","Apache Tribe of Oklahoma alone or in any combination","5515","5515",0,1
"50M","Tonto Apache Tribe of Arizona alone or in any combination","5521","5521",0,1
"50N","San Carlos Apache Tribe of the San Carlos Reservation alone or in any combination","5520","5520",0,1
"50O","White Mountain Apache Tribe of the Fort Apache Reservation, Arizona alone or in any combination","5522","5522",0,1
"50Q","Arapaho alone or in any combination","5524","5524",0,1
"50R","Northern Arapaho alone or in any combination","5526","5526",0,1
"50U","Assiniboine alone or in any combination","5529","5529",0,1
"50Z","Fort Peck Assiniboine and Sioux Tribes of the Fort Peck Indian Reservation alone or in any combination","5531","5531",0,1
"51C","Caddo tribal grouping alone or in any combination","5551:5555","5551,5552,5553,5554",1,1
"51D","Caddo alone or in any combination","5551","5551",0,1
"51F","Cahuilla tribal grouping alone or in any combination","5556:5565","5556,5557,5558,5559,5560,5561,5562,5563,5564",1,1
"51G","Cahuilla alone or in any combination","5556","5556",0,1
"51I","Morongo Band of Cahuilla Mission Indians alone or in any combination","5561","5561",0,1
"51N","Yuki alone or in any combination","5580","5580",0,1
"51V","Catawba Indian Nation tribal grouping alone or in any combination","5586:5587","5586",2,1
"51Z","Quileute Tribe of the Quileute Reservation, Washington alone or in any combination","5594","5594",0,1
"52C","Cherokee alone or in any combination","5599","5599",0,1
"52D","Cherokee Tribe of Northeast Alabama alone or in any combination","5605","5605",0,1
"52E","Cher-O-Creek Intratribal Indians (Cherokees of Southeast Alabama) alone or in any combination","5600","5600",0,1
"52F","Eastern Band of Cherokees alone or in any combination","5606","5606",0,1
"52G","Echota Cherokee Tribe of Alabama alone or in any combination","5607","5607",0,1
"52I","Northern Cherokee Nation of Missouri and Arkansas alone or in any combination","5610","5610",0,1
"52J","United Keetoowah Band of Cherokee alone or in any combination","5616","5616",0,1
"52N","Four Winds Cherokee alone or in any combination","5608","5608",0,1
"52Q","Cheyenne alone or in any combination","5619","5619",0,1
"52R","Northern Cheyenne Tribe of the Northern Cheyenne Reservation, Montana alone or in any combination","5620","5620",0,1
"52S","Southern Cheyenne alone or in any combination","5621","5621",0,1
"52U","Chickahominy tribal grouping alone or in any combination","5629:5633","5629,5630",1,1
"52V","Chickahominy Indian Tribe alone or in any combination","5630","5630",0,1
"52X","Chinook tribal grouping alone or in any combination","5639:5648","5639,5640,5641,5642,5643,5644,5645,5646",1,1
"52Y","Chinook alone or in any combination","5639","5639",0,1
"53A","Bad River Band of the Lake Superior Tribe alone or in any combination","5650","5650",0,1
"53B","Bay Mills Indian Community alone or in any combination","5651","5651",0,1
"53C","Bois Forte Band of Chippewa alone or in any combination","5652","5652",0,1
"53D","Chippewa alone or in any combination","5649","5649",0,1
"53E","Fond du Lac alone or in any combination","5653","5653",0,1
"53F","Grand Portage alone or in any combination","5654","5654",0,1
"53G","Grand Traverse Band of Ottawa and Chippewa Indians alone or in any combination","5655","5655",0,1
"53H","Keweenaw Bay Indian Community alone or in any combination","5656","5656",0,1
"53I","Lac Courte Oreilles Band of Lake Superior Chippewa alone or in any combination","5657","5657",0,1
"53J","Lac du Flambeau alone or in any combination","5658","5658",0,1
"53K","Lac Vieux Desert Band of Lake Superior Chippewa Indians alone or in any combination","5659","5659",0,1
"53L","Lake Superior Chippewa alone or in any combination","5660","5660",0,1
"53M","Leech Lake alone or in any combination","5661","5661",0,1
"53N","Little Shell Tribe of Chippewa Indians of Montana alone or in any combination","5662","5662",0,1
"53O","Mille Lacs alone or in any combination","5663","5663",0,1
"53P","Minnesota Chippewa alone or in any combination","5664","5664",0,1
"53Q","Red Cliff Band of Lake Superior Chippewa alone or in any combination","5665","5665",0,1
"53R","Red Lake Band of Chippewa Indians alone or in any combination","5666","5666",0,1
"53S","Saginaw Chippewa Indian Tribe alone or in any combination","5667","5667",0,1
"53T","St. Croix Chippewa alone or in any combination","5670","5670",0,1
"53U","Sault Ste. Marie Tribe of Chippewa Indians alone or in any combination","5668","5668",0,1
"53V","Sokaogon Chippewa Community alone or in any combination","5669","5669",0,1
"53W","Turtle Mountain Band of Chippewa Indians of North Dakota alone or in any combination","5672","5672",0,1
"53X","White Earth alone or in any combination","5673","5673",0,1
"53Z","Chitimacha tribal grouping alone or in any combination","5684:5688","5684,5685",1,1
"54B","Choctaw alone or in any combination","5689","5689",0,1
"54C","Mississippi Band of Choctaw Indians alone or in any combination","5694","5694",0,1
"54D","MOWA Band of Choctaw Indians alone or in any combination","5695","5695",0,1
"54E","Choctaw Nation of Oklahoma alone or in any combination","5690","5690",0,1
"54F","Choctaw-Apache Community of Ebarb tribal grouping alone or in any combination","5699:5700","5699",2,1
"54H","Chumash alone or in any combination","5701","5701",0,1
"54J","Coeur D'Alene tribal grouping alone or in any combination","5708:5709","5708",2,1
"54K","Coharie Indian tribal grouping alone or in any combination","5710:5711","5710",2,1
"54L","Colorado River Indian Tribes tribal grouping alone or in any combination","5712:5713","5712",2,1
"54Q","Coquille Indian tribal grouping alone or in any combination","5722:5723","5722",2,1
"54R","Costanoan tribal grouping alone or in any combination","5724:5725","5724",2,1
"54S","Coushatta tribal grouping alone or in any combination","5726:5730","5726,5727,5728",1,1
"54T","Alabama-Coushatta Tribes of Texas alone or in any combination","5727","5727",0,1
"54U","Coushatta alone or in any combination","5726","5726",0,1
"54V","Cowlitz Indian tribal grouping alone or in any combination","5731:5732","5731",2,1
"54Z","Muscogee (Creek) Nation alone or in any combination","5735","5735",0,1
"55A","Eastern Creek alone or in any combination","5737","5737",0,1
"55B","Lower Muscogee Creek Tama Tribal Town alone or in any combination","5741","5741",0,1
"55C","MaChis Lower Creek Indian Tribe alone or in any combination","5742","5742",0,1
"55D","Poarch Band of Creek Indians alone or in any combination","5744","5744",0,1
"55F","Cupeno tribal grouping alone or in any combination","5756:5760","5756,5757",1,1
"55H","Cupeno alone or in any combination","5756","5756",0,1
"55O","Ramapough Lenape Nation (Ramapough Mountain) alone or in any combination","5767","5767",0,1
"55P","Diegueno (Kumeyaay) tribal grouping alone or in any combination","5771:5785","5771,5772,5773,5774,5775,5776,5777,5778,5779,5780,5781,5782,5783,5784",1,1
"55Q","Barona Group of Capitan Grande Band alone or in any combination","5772","5772",0,1
"55R","Diegueno (Kumeyaay) alone or in any combination","5771","5771",0,1
"55S","Mesa Grande Band of Diegueno Mission Indians alone or in any combination","5781","5781",0,1
"55T","San Pasqual Band of Diegueno Mission Indians alone or in any combination","5782","5782",0,1
"55U","Iipay Nation of Santa Ysabel alone or in any combination","5776","5776",0,1
"55V","Viejas (Baron Long) Group of Capitan Grande Band alone or in any combination","5784","5784",0,1
"55Y","Southeastern Indians alone or in any combination","5805","5805",0,1
"56A","Tunica Biloxi Indian Tribe of Louisiana alone or in any combination","5808","5808",0,1
"56B","Waccamaw Siouan Indian Tribe alone or in any combination","5809","5809",0,1
"56C","Meherrin Indian Tribe alone or in any combination","5793","5793",0,1
"56L","Gros Ventres alone or in any combination","5833","5833",0,1
"56Q","Hoopa Valley Tribe alone or in any combination","5844","5844",0,1
"56S","Iowa tribal grouping alone or in any combination","5858:5862","5858,5859,5860",1,1
"56T","Iowa alone or in any combination","5858","5858",0,1
"56U","Iowa Tribe of Kansas and Nebraska alone or in any combination","5859","5859",0,1
"56W","Sappony (Indians of Person County) tribal grouping alone or in any combination","6245:6246","6245",2,1
"56Y","Cayuga Nation alone or in any combination","5864","5864",0,1
"56Z","Iroquois alone or in any combination","5863","5863",0,1
"57A","Mohawk alone or in any combination","5865","5865",0,1
"57C","Onondaga Nation alone or in any combination","5868","5868",0,1
"57E","Seneca Nation alone or in any combination","5870","5870",0,1
"57F","Seneca-Cayuga Tribe of Oklahoma alone or in any combination","5872","5872",0,1
"57G","Tonawanda Band of Seneca Indians alone or in any combination","5873","5873",0,1
"57H","Tuscarora Nation alone or in any combination","5874","5874",0,1
"57I","Wyandotte Nation, Oklahoma alone or in any combination","5875","5875",0,1
"57J","Juaneno (Acjachemem) tribal grouping alone or in any combination","5878:5879","5878",2,1
"57K","Kalispel Indian Community tribal grouping alone or in any combination","5880:5881","5880",2,1
"57L","Karuk Tribe of California tribal grouping alone or in any combination","5882:5883","5882",2,1
"57M","Kaw Nation tribal grouping alone or in any combination","5884:5885","5884",2,1
"57N","Kickapoo tribal grouping alone or in any combination","5886:5890","5886,5887,5888,5889",1,1
"57O","Kickapoo alone or in any combination","5886","5886",0,1
"57R","Kiowa alone or in any combination","5891","5891",0,1
"57S","Kiowa Indian Tribe of Oklahoma alone or in any combination","5892","5892",0,1
"57T","S'Klallam tribal grouping alone or in any combination","6224:6228","6224,6225,6226,6227",1,1
"57U","Jamestown S'Klallam Tribe of Washington alone or in any combination","6225","6225",0,1
"57V","Klallam alone or in any combination","6224","6224",0,1
"57W","Lower Elwha Tribal Community of the Lower Elwha Reservation, Washington alone or in any combination","6226","6226",0,1
"57X","Port Gamble S'Klallam Tribe alone or in any combination","6227","6227",0,1
"57Y","Klamath Indian Tribe of Oregon tribal grouping alone or in any combination","5896:5897","5896",2,1
"58A","Kootenai tribal grouping alone or in any combination","5900:5904","5900",2,1
"58B","Long Island tribal grouping alone or in any combination","5907:5911","5907,5908,5909,5910",1,1
"58D","Poospatuck alone or in any combination","5909","5909",0,1
"58F","La Jolla Band of Luiseno Mission Indians alone or in any combination","5913","5913",0,1
"58G","Luiseno alone or in any combination","5912","5912",0,1
"58H","Pala Band of Luiseno Mission Indians alone or in any combination","5914","5914",0,1
"58J","Pechanga Band of Luiseno Mission Indians alone or in any combination","5916","5916",0,1
"58K","Soboba Band of Luiseno Indians alone or in any combination","5918","5918",0,1
"58L","Rincon Band of Luiseno Mission Indians alone or in any combination","5917","5917",0,1
"58P","Maidu alone or in any combination","5926","5926",0,1
"58R","Makah Indian tribal grouping alone or in any combination","5936:5937","5936",2,1
"58S","Maliseet tribal grouping alone or in any combination","5938:5942","5938,5939",1,1
"58T","Maliseet alone or in any combination","5938","5938",0,1
"58V","Mattaponi tribal grouping alone or in any combination","5943:5947","5943,5944",1,1
"58W","Mattaponi Indian Tribe alone or in any combination","5943","5943",0,1
"59A","Indiana Miami alone or in any combination","5954","5954",0,1
"59B","Miami alone or in any combination","5952","5952",0,1
"59F","Micmac alone or in any combination","5959","5959",0,1
"59G","Mission Indians tribal grouping alone or in any combination","5964:5968","5964,5965",1,1
"59H","Mission Indians alone or in any combination","5964","5964",0,1
"59K","Miwok/Me-Wuk alone or in any combination","5969","5969",0,1
"59L","Modoc tribal grouping alone or in any combination","5979:5983","5979,5980",1,1
"59M","Modoc alone or in any combination","5979","5979",0,1
"59N","Mohegan Indian tribal grouping alone or in any combination","5984:5985","5984",2,1
"59P","Mono tribal grouping alone or in any combination","5988:5992","5988,5989,5990,5991",1,1
"59Q","Mono alone or in any combination","5988","5988",0,1
"59R","Nanticoke tribal grouping alone or in any combination","5993:5994","5993",2,1
"59T","Narragansett Indian tribal grouping alone or in any combination","5997:5998","5997",2,1
"59V","Nez Perce Tribe of Idaho (Nimiipuu) tribal grouping alone or in any combination","6001:6002","6001",2,1
"59W","Nipmuc tribal grouping alone or in any combination","6003:6007","6003,6004,6005",1,1
"59X","Nipmuc alone or in any combination","6003","6003",0,1
"59Y","Nomlaki tribal grouping alone or in any combination","6008:6012","6008,6009",1,1
"59Z","Nomlaki alone or in any combination","6008","6008",0,1
"5Z9","Alaska Native alone","5010:5499","5010:5499",1,0
"60A","Northwest Tribes tribal grouping alone or in any combination","6013:6022","6013,6014,6015,6016,6017,6018,6019,6020,6021",1,1
"60C","Omaha Tribe of Nebraska tribal grouping alone or in any combination","6023:6024","6023",2,1
"60G","Otoe-Missouria Tribe of Indians tribal grouping alone or in any combination","6031:6032","6031",2,1
"60I","Little River Band of Ottawa Indians of Michigan alone or in any combination","6035","6035",0,1
"60J","Ottawa alone or in any combination","6033","6033",0,1
"60K","Little Traverse Bay Bands of Odawa Indians alone or in any combination","6036","6036",0,1
"60L","Grand River Band of Ottawa Indians alone or in any combination","6034","6034",0,1
"60N","Burns Paiute Tribe alone or in any combination","6046","6046",0,1
"60S","Paiute alone or in any combination","6043","6043",0,1
"60T","Pyramid Lake Paiute Tribe of the Pyramid Lake Reservation, Nevada alone or in any combination","6057","6057",0,1
"60V","Walker River Paiute Tribe of the Walker River Reservation, Nevada alone or in any combination","6062","6062",0,1
"60W","Yerington Paiute Tribe of the Yerington Colony and Campbell Ranch, Nevada alone or in any combination","6065","6065",0,1
"60X","Pamunkey Indian tribal grouping alone or in any combination","6078:6079","6078",2,1
"60Y","Passamaquoddy tribal grouping alone or in any combination","6080:6084","6080,6081,6082",1,1
"60Z","Passamaquoddy Tribe of Maine alone or in any combination","6081","6081",0,1
"61A","Pawnee tribal grouping alone or in any combination","6085:6089","6085,6086",1,1
"61B","Pawnee alone or in any combination","6085","6085",0,1
"61C","Penobscot Tribe of Maine tribal grouping alone or in any combination","6090:6091","6090",2,1
"61D","Peoria tribal grouping alone or in any combination","6092:6096","6093",2,1
"61E","Peoria Tribe of Indians of Oklahoma alone or in any combination","6093","6093",0,1
"61G","Pequot tribal grouping alone or in any combination","6097:6101","6097,6098,6099,6100",1,1
"61H","Mashantucket Pequot Tribe of Connecticut alone or in any combination","6099","6099",0,1
"61I","Pequot alone or in any combination","6097","6097",0,1
"61K","Gila River Indian Community of the Gila River Indian Reservation alone or in any combination","6103","6103",0,1
"61L","Pima alone or in any combination","6102","6102",0,1
"61M","Salt River Pima-Maricopa Indian Community alone or in any combination","6105","6105",0,1
"61N","Piscataway tribal grouping alone or in any combination","6107:6111","6107,6108,6109",1,1
"61O","Pit River tribal grouping alone or in any combination","6112:6116","6112,6113",1,1
"61P","Pit River Tribe of California alone or in any combination","6113","6113",0,1
"61T","Pomo alone or in any combination","6117","6117",0,1
"61Y","Ponca tribal grouping alone or in any combination","6147:6151","6147,6148,6149",1,1
"62B","Ponca alone or in any combination","6147","6147",0,1
"62D","Citizen Potawatomi Nation, Oklahoma alone or in any combination","6153","6153",0,1
"62E","Forest County Potawatomi Community, Wisconsin alone or in any combination","6154","6154",0,1
"62H","Pokagon Band of Potawatomi Indians alone or in any combination","6158","6158",0,1
"62I","Potawatomi alone or in any combination","6152","6152",0,1
"62J","Prairie Band of Potawatomi Nation, Kansas alone or in any combination","6159","6159",0,1
"62K","Powhatan tribal grouping alone or in any combination","6162:6163","6162",2,1
"62M","Pueblo of Acoma alone or in any combination","6167","6167",0,1
"62O","Pueblo of Cochiti alone or in any combination","6168","6168",0,1
"62Q","Pueblo of Isleta alone or in any combination","6169","6169",0,1
"62R","Pueblo of Jemez alone or in any combination","6170","6170",0,1
"62S","Pueblo of Laguna alone or in any combination","6171","6171",0,1
"62T","Pueblo of Nambe alone or in any combination","6172","6172",0,1
"62U","Pueblo of Picuris alone or in any combination","6173","6173",0,1
"62W","Pueblo of Pojoaque alone or in any combination","6174","6174",0,1
"62X","Pueblo alone or in any combination","6164","6164",0,1
"62Y","Pueblo of San Felipe alone or in any combination","6175","6175",0,1
"62Z","Pueblo of San Ildefonso alone or in any combination","6176","6176",0,1
"63A","Ohkay Owingeh, New Mexico (San Juan Pueblo) alone or in any combination","6165","6165",0,1
"63C","Pueblo of Sandia alone or in any combination","6177","6177",0,1
"63D","Pueblo of Santa Ana alone or in any combination","6178","6178",0,1
"63E","Pueblo of Santa Clara alone or in any combination","6179","6179",0,1
"63F","Pueblo of Santo Domingo alone or in any combination","6180","6180",0,1
"63G","Pueblo of Taos alone or in any combination","6181","6181",0,1
"63H","Pueblo of Tesuque alone or in any combination","6182","6182",0,1
"63J","Ysleta del Sur Pueblo of Texas alone or in any combination","6185","6185",0,1
"63K","Pueblo of Zia alone or in any combination","6183","6183",0,1
"63L","Zuni Tribe of the Zuni Reservation alone or in any combination","6186","6186",0,1
"63O","Muckleshoot Indian Tribe alone or in any combination","6194","6194",0,1
"63P","Nisqually Indian Tribe alone or in any combination","6195","6195",0,1
"63Q","Nooksack Indian Tribe alone or in any combination","6196","6196",0,1
"63R","Puyallup Tribe alone or in any combination","6197","6197",0,1
"63U","Skokomish Indian Tribe of the Skokomish Indian Reservation, Washington alone or in any combination","6200","6200",0,1
"63V","Snohomish alone or in any combination","6202","6202",0,1
"63X","Squaxin Island Tribe of the Squaxin Island Reservation, Washington alone or in any combination","6204","6204",0,1
"64A","The Suquamish Tribe alone or in any combination","6208","6208",0,1
"64B","Swinomish Indian Tribal Community alone or in any combination","6207","6207",0,1
"64C","Tulalip Tribes alone or in any combination","6209","6209",0,1
"64D","Upper Skagit Indian Tribe alone or in any combination","6210","6210",0,1
"64F","Quinault tribal grouping alone or in any combination","6216:6217","6216",2,1
"64H","Round Valley Indian Tribes tribal grouping alone or in any combination","6222:6223","6222",2,1
"64J","Sac and Fox Tribe of the Mississippi in Iowa alone or in any combination","6232","6232",0,1
"64K","Sac and Fox Nation, Oklahoma alone or in any combination","6231","6231",0,1
"64L","Sac and Fox alone or in any combination","6229","6229",0,1
"64M","Salinan tribal grouping alone or in any combination","6234:6235","6234",2,1
"64N","Salish tribal grouping alone or in any combination","6236:6237","6236",2,1
"64S","Seminole Tribe of Florida alone or in any combination","6250","6250",0,1
"64T","Seminole Nation of Oklahoma alone or in any combination","6251","6251",0,1
"64U","Seminole alone or in any combination","6249","6249",0,1
"64V","Serrano tribal grouping alone or in any combination","6259:6263","6259,6260",1,1
"64W","Serrano alone or in any combination","6259","6259",0,1
"64X","Shasta tribal grouping alone or in any combination","6264:6268","6264,6265",1,1
"64Y","Shasta alone or in any combination","6264","6264",0,1
"65A","Absentee Shawnee Tribe of Indians of Oklahoma alone or in any combination","6270","6270",0,1
"65B","Eastern Shawnee alone or in any combination","6272","6272",0,1
"65C","Shawnee alone or in any combination","6269","6269",0,1
"65D","Shinnecock Indian Nation tribal grouping alone or in any combination","6279:6280","6279",2,1
"65I","Confederated Tribes of the Goshute Reservation alone or in any combination","6284","6284",0,1
"65J","Shoshone alone or in any combination","6283","6283",0,1
"65K","Death Valley Timbi-Sha Shoshone alone or in any combination","6285","6285",0,1
"65M","Eastern Shoshone (Wind River) alone or in any combination","6287","6287",0,1
"65O","Te-Moak Tribes of Western Shoshone Indians of Nevada tribal grouping alone or in any combination","6326:6335","6326",2,1
"65P","Te-Moak Tribes of Western Shoshone Indians of Nevada alone or in any combination","6326","6326",0,1
"65S","Paiute-Shoshone Tribe of the Fallon Reservation and Colony, Nevada alone or in any combination","6071","6071",0,1
"65T","Fort McDermitt Paiute and Shoshone Tribes of Nevada and Oregon alone or in any combination","6069","6069",0,1
"65U","Shoshone Paiute alone or in any combination","6068","6068",0,1
"65W","Confederated Tribes of Siletz Indians of Oregon tribal grouping alone or in any combination","6293:6294","6293",2,1
"66A","Crow Creek Sioux Tribe of the Crow Creek Reservation, South Dakota alone or in any combination","6298","6298",0,1
"66C","Flandreau Santee Sioux Tribe of South Dakota alone or in any combination","6300","6300",0,1
"66E","Lower Brule Sioux Tribe of the Lower Brule Reservation, South Dakota alone or in any combination","6301","6301",0,1
"66F","Lower Sioux Indian Community in the State of Minnesota alone or in any combination","6302","6302",0,1
"66G","Mdewakanton Sioux alone or in any combination","6303","6303",0,1
"66K","Rosebud Sioux Tribe of the Rosebud Indian Reservation, South Dakota alone or in any combination","6307","6307",0,1
"66L","Santee Sioux Nation, Nebraska alone or in any combination","6308","6308",0,1
"66M","Sioux alone or in any combination","6295","6295",0,1
"66P","Spirit Lake Tribe alone or in any combination","6311","6311",0,1
"66Q","Standing Rock Sioux Tribe alone or in any combination","6312","6312",0,1
"66R","Teton Sioux alone or in any combination","6313","6313",0,1
"66S","Yankton Sioux Tribe of South Dakota alone or in any combination","6317","6317",0,1
"66T","Spokane tribal grouping alone or in any combination","6322:6323","6322",2,1
"66U","Stockbridge-Munsee Community tribal grouping alone or in any combination","6324:6325","6324",2,1
"66X","Tohono O'odham Nation of Arizona alone or in any combination","6341","6341",0,1
"66Y","Tolowa tribal grouping alone or in any combination","6346:6350","6346,6347,6348,6349",1,1
"66Z","Tolowa alone or in any combination","6346","6346",0,1
"67C","Confederated Tribes of the Umatilla Indian Reservation tribal grouping alone or in any combination","6355:6356","6355",2,1
"67D","Umpqua tribal grouping alone or in any combination","6357:6361","6357,6358",1,1
"67E","Cow Creek Band of Umpqua Indians of Oregon alone or in any combination","6358","6358",0,1
"67H","Ute Indian Tribe of the Uintah and Ouray Reservation, Utah alone or in any combination","6364","6364",0,1
"67I","Ute Mountain Ute Tribe alone or in any combination","6365","6365",0,1
"67J","Ute alone or in any combination","6362","6362",0,1
"67K","Southern Ute Indian Tribe of the Southern Ute Reservation alone or in any combination","6363","6363",0,1
"67L","Wailaki tribal grouping alone or in any combination","6367:6368","6367",2,1
"67O","Wampanoag Tribe of Gay Head (Aquinnah) alone or in any combination","6380","6380",0,1
"67Q","Wampanoag alone or in any combination","6371","6371",0,1
"67S","Wascopum tribal grouping alone or in any combination","6388:6389","6388",2,1
"67T","Washoe tribal grouping alone or in any combination","6390:6394","6390,6391",1,1
"67U","Washoe Tribe of Nevada and California alone or in any combination","6391","6391",0,1
"67V","Wichita and Affiliated Tribes, Oklahoma tribal grouping alone or in any combination","6395:6399","6395",2,1
"67W","Wichita alone or in any combination","6395","6395",0,1
"67Z","Winnebago Tribe of Nebraska alone or in any combination","6403","6403",0,1
"68A","Winnebago alone or in any combination","6402","6402",0,1
"68B","Wintun tribal grouping alone or in any combination","6407:6411","6407,6408,6409,6410",1,1
"68C","Wintun alone or in any combination","6407","6407",0,1
"68D","Wiyot tribal grouping alone or in any combination","6414:6418","6414,6415",1,1
"68H","Pascua Yaqui Tribe of Arizona alone or in any combination","6424","6424",0,1
"68I","Yaqui alone or in any combination","6423","6423",0,1
"68J","Yavapai Apache Nation of the Camp Verde Indian Reservation tribal grouping alone or in any combination","6428:6429","6428",2,1
"68K","Yokuts tribal grouping alone or in any combination","6430:6439","6430,6431,6432,6433,6434,6435",1,1
"68L","Picayune Rancheria of Chukchansi Indians alone or in any combination","6431","6431",0,1
"68M","Tachi alone or in any combination","6433","6433",0,1
"68N","Tule River Indian Tribe alone or in any combination","6435","6435",0,1
"68O","Yokuts alone or in any combination","6430","6430",0,1
"68S","Cocopah Tribe of Arizona alone or in any combination","6445","6445",0,1
"68T","Havasupai Tribe of the Havasupai Reservation alone or in any combination","6447","6447",0,1
"68U","Hualapai Indian Tribe of the Hualapai Indian Reservation alone or in any combination","6448","6448",0,1
"68V","Maricopa alone or in any combination","6104","6104",0,1
"68W","Fort Mojave Indian Tribe of Arizona, California, and Nevada alone or in any combination","6446","6446",0,1
"68X","Quechan Tribe of the Fort Yuma Indian Reservation alone or in any combination","6450","6450",0,1
"68Y","Yavapai-Prescott Tribe of the Yavapai Reservation alone or in any combination","6451","6451",0,1
"68Z","Yurok tribal grouping alone or in any combination","6455:6459","6455,6456",1,1
"69A","Yurok Tribe alone or in any combination","6455","6455",0,1
"69E","Alaskan Athabascan alone or in any combination","5020","5020",0,1
"69F","Allakaket Village alone or in any combination","5025","5025",0,1
"69I","Doyon alone or in any combination","5036","5036",0,1
"69J","Native Village of Fort Yukon alone or in any combination","5055","5055",0,1
"69K","Holy Cross Village alone or in any combination","5042","5042",0,1
"69L","Huslia Village alone or in any combination","5044","5044",0,1
"69M","Koyukuk Native Village alone or in any combination","5046","5046",0,1
"69N","Native Village of Minto alone or in any combination","5058","5058",0,1
"69P","Nondalton Village alone or in any combination","5069","5069",0,1
"69Q","Nulato Village alone or in any combination","5071","5071",0,1
"69S","Shageluk Native Village alone or in any combination","5076","5076",0,1
"69T","Native Village of Tanacross alone or in any combination","5061","5061",0,1
"69V","Village of Venetie alone or in any combination","5087","5087",0,1
"69W","Kenaitze Indian Tribe alone or in any combination","5089","5089",0,1
"69Y","Chilkat Indian Village (Klukwan) alone or in any combination","5322","5322",0,1
"69Z","Haida alone or in any combination","5326","5326",0,1
"70A","Hoonah Indian Association alone or in any combination","5327","5327",0,1
"70B","Hydaburg Cooperative Association alone or in any combination","5328","5328",0,1
"70C","Organized Village of Kake alone or in any combination","5331","5331",0,1
"70D","Ketchikan Indian Corporation alone or in any combination","5329","5329",0,1
"70G","Sitka Tribe of Alaska alone or in any combination","5337","5337",0,1
"70H","Tlingit alone or in any combination","5320","5320",0,1
"70J","Metlakatla Indian Community, Annette Island Reserve alone or in any combination","5396","5396",0,1
"70K","Tsimshian alone or in any combination","5395","5395",0,1
"70O","Eskimo alone or in any combination","5220","5220",0,1
"70R","Native Village of Ambler alone or in any combination","5235","5235",0,1
"70S","Arctic Slope Corporation alone or in any combination","5223","5223",0,1
"70T","Native Village of Barrow Inupiat Traditional Government alone or in any combination","5236","5236",0,1
"70U","Bering Straits Inupiat alone or in any combination","5225","5225",0,1
"70V","Native Village of Brevig Mission alone or in any combination","5237","5237",0,1
"70W","Native Village of Buckland alone or in any combination","5238","5238",0,1
"70Z","Native Village of Elim alone or in any combination","5242","5242",0,1
"71C","Native Village of Kiana alone or in any combination","5243","5243",0,1
"71D","Native Village of Kivalina alone or in any combination","5244","5244",0,1
"71E","Native Village of Kotzebue alone or in any combination","5246","5246",0,1
"71F","Native Village of Koyuk alone or in any combination","5247","5247",0,1
"71H","Nana Inupiat alone or in any combination","5234","5234",0,1
"71I","Native Village of Noatak alone or in any combination","5250","5250",0,1
"71J","Nome Eskimo Community alone or in any combination","5262","5262",0,1
"71K","Native Village of Point Hope alone or in any combination","5252","5252",0,1
"71L","Native Village of Selawik alone or in any combination","5254","5254",0,1
"71M","Native Village of Shaktoolik alone or in any combination","5255","5255",0,1
"71N","Native Village of Shishmaref alone or in any combination","5256","5256",0,1
"71O","Native Village of Shungnak alone or in any combination","5257","5257",0,1
"71P","Native Village of Teller alone or in any combination","5258","5258",0,1
"71Q","Native Village of Unalakleet alone or in any combination","5259","5259",0,1
"71S","Native Village of White Mountain alone or in any combination","5261","5261",0,1
"71T","King Island Native Community alone or in any combination","5233","5233",0,1
"71V","Native Village of Gambell alone or in any combination","5429","5429",0,1
"71W","Native Village of Savoonga alone or in any combination","5448","5448",0,1
"71Z","Akiachak Native Community alone or in any combination","5411","5411",0,1
"72A","Village of Alakanuk alone or in any combination","5469","5469",0,1
"72B","Village of Aniak alone or in any combination","5470","5470",0,1
"72C","Orutsararmuit Native Village (Bethel) alone or in any combination","5458","5458",0,1
"72D","Bristol Bay alone or in any combination","5415","5415",0,1
"72E","Calista alone or in any combination","5416","5416",0,1
"72F","Village of Chefornak alone or in any combination","5473","5473",0,1
"72G","Native Village of Chuathbaluk alone or in any combination","5426","5426",0,1
"72H","Curyung Tribal Council (Native Village of Dillingham) alone or in any combination","5418","5418",0,1
"72J","Native Village of Goodnews Bay alone or in any combination","5431","5431",0,1
"72K","Native Village of Hooper Bay (Naparyarmiut) alone or in any combination","5433","5433",0,1
"72L","Iqurmuit Traditional Council alone or in any combination","5421","5421",0,1
"72M","Native Village of Kasigluk alone or in any combination","5434","5434",0,1
"72N","Native Village of Kipnuk alone or in any combination","5435","5435",0,1
"72O","New Koliganek Village Council alone or in any combination","5452","5452",0,1
"72P","Native Village of Kongiganak alone or in any combination","5436","5436",0,1
"72Q","Organized Village of Kwethluk alone or in any combination","5457","5457",0,1
"72R","Native Village of Marshall (Fortuna Ledge) alone or in any combination","5439","5439",0,1
"72S","Asa'carsarmiut Tribe alone or in any combination","5414","5414",0,1
"72T","Naknek Native Village alone or in any combination","5424","5424",0,1
"72U","Native Village of Napakiak alone or in any combination","5441","5441",0,1
"72V","Native Village of Napaskiak alone or in any combination","5442","5442",0,1
"72W","Newhalen Village alone or in any combination","5454","5454",0,1
"72X","Newtok Village alone or in any combination","5455","5455",0,1
"72Y","Native Village of Nightmute alone or in any combination","5443","5443",0,1
"72Z","Native Village of Nunapitchuk alone or in any combination","5445","5445",0,1
"73A","Native Village of Saint Michael alone or in any combination","5447","5447",0,1
"73B","Stebbins Community Association alone or in any combination","5464","5464",0,1
"73C","Traditional Village of Togiak alone or in any combination","5465","5465",0,1
"73D","Native Village of Tuntutuliak alone or in any combination","5450","5450",0,1
"73E","Native Village of Tununak alone or in any combination","5451","5451",0,1
"73H","Algaaciq Native Village (St. Mary's) alone or in any combination","5413","5413",0,1
"73L","Alutiiq alone or in any combination","5123","5123",0,1
"73S","Koniag Aleut alone or in any combination","5138","5138",0,1
"73T","Village of Old Harbor alone or in any combination","5173","5173",0,1
"73V","Native Village of Port Lions alone or in any combination","5160","5160",0,1
"73X","Aleut Corporation alone or in any combination","5122","5122",0,1
"74A","Qagan Tayagungin Tribe of Sand Point Village alone or in any combination","5164","5164",0,1
"74C","Saint Paul Island alone or in any combination","5167","5167",0,1
"7A1","American Indian alone or in any combination","5500:6499","5500:6499",1,1
"7B2","Abenaki Nation of Missisquoi alone or in any combination","5505","5505",0,1
"7B4","Chemehuevi Indian tribal grouping alone or in any combination","5597:5598","5597",2,1
"7B6","Chitimacha Tribe of Louisiana alone or in any combination","5684","5684",0,1
"7C2","Ak-Chin Indian Community of the Maricopa Indian Reservation alone or in any combination","5510","5510",0,1
"7C3","Caddo Nation of Oklahoma alone or in any combination","5553","5553",0,1
"7D3","Caddo Adais Indians alone or in any combination","5552","5552",0,1
"7D7","Alabama Quassarte Tribal Town alone or in any combination","5736","5736",0,1
"7D8","Sycuan Band of the Kumeyaay Nation alone or in any combination","5783","5783",0,1
"7D9","Hoopa tribal grouping alone or in any combination","5844:5848","5844,5845,5846",1,1
"7E4","Cherokee Alabama alone or in any combination","5601","5601",0,1
"7E6","Clifton Choctaw alone or in any combination","5691","5691",0,1
"7F3","Agua Caliente Band of Cahuilla Indians alone or in any combination","5557","5557",0,1
"7F6","Jena Band of Choctaw alone or in any combination","5692","5692",0,1
"7G2","Fort Sill Apache (Chiricahua) alone or in any combination","5516","5516",0,1
"7G8","Attacapa alone or in any combination","5786","5786",0,1
"7H3","Los Coyotes Band of Cahuilla and Cupeno Indians alone or in any combination","5560","5560",0,1
"7H8","Moor alone or in any combination","5794","5794",0,1
"7I2","Lipan Apache alone or in any combination","5518","5518",0,1
"7I8","Nansemond Indian Tribe alone or in any combination","5795","5795",0,1
"7J3","Santa Rosa Band of Cahuilla Indians alone or in any combination","5563","5563",0,1
"7J7","Thlopthlocco Tribal Town alone or in any combination","5746","5746",0,1
"7J8","Natchez Indian Tribe of South Carolina (Kusso-Natchez; Edisto) alone or in any combination","5796","5796",0,1
"7K3","Torres-Martinez Desert Cahuilla Indians alone or in any combination","5564","5564",0,1
"7K7","Croatan tribal grouping alone or in any combination","5750:5751","5750",2,1
"7K8","Golden Hill Paugussett alone or in any combination","5792","5792",0,1
"7L4","Cherokee Nation of Oklahoma (Western Cherokee) alone or in any combination","5603","5603",0,1
"7L8","Pocomoke Acohonock alone or in any combination","5802","5802",0,1
"7M3","Cahto Indian Tribe of the Laytonville Rancheria alone or in any combination","5567","5567",0,1
"7M6","Santa Ynez Band of Chumash Mission Indians alone or in any combination","5703","5703",0,1
"7M9","Iowa Tribe of Oklahoma alone or in any combination","5860","5860",0,1
"7N3","Kern River Paiute Council alone or in any combination","5572","5572",0,1
"7N4","Cherokee of Georgia alone or in any combination","5604","5604",0,1
"7N6","San Luis Rey Mission Indian alone or in any combination","5702","5702",0,1
"7N7","Agua Caliente alone or in any combination","5757","5757",0,1
"7N8","Susquehanock alone or in any combination","5806","5806",0,1
"7O3","Santa Rosa Indian Community alone or in any combination","5576","5576",0,1
"7P3","Wappo alone or in any combination","5578","5578",0,1
"7Q7","Delaware (Lenni-Lenape) alone or in any combination","5761","5761",0,1
"7R2","Assiniboine tribal grouping alone or in any combination","5529:5530","5529",2,1
"7R3","Bear River Band of Rohnerville Rancheria alone or in any combination","5566","5566",0,1
"7R7","Delaware Tribe of Indians, Oklahoma alone or in any combination","5764","5764",0,1
"7R8","Esselen tribal grouping alone or in any combination","5816:5817","5816",2,1
"7S4","Cheyenne and Arapaho Tribes, Oklahoma tribal grouping alone or in any combination","5624:5628","5624",2,1
"7S7","Munsee alone or in any combination","5765","5765",0,1
"7S8","Fort Belknap Indian Community of the Fort Belknap Reservation alone or in any combination","5820","5820",0,1
"7T6","Coos alone or in any combination","5718","5718",0,1
"7T7","Delaware Nation alone or in any combination","5763","5763",0,1
"7U6","Confederated Tribes of Coos, Lower Umpqua, and Siuslaw Indians tribal grouping alone or in any combination","5720:5721","5720",2,1
"7U8","Shoshone-Bannock Tribes of the Fort Hall Reservation alone or in any combination","5824","5824",0,1
"7V3","Cayuse tribal grouping alone or in any combination","5588:5589","5588",2,1
"7V7","New Jersey Sand Hill Band of Indians, Inc alone or in any combination","5766","5766",0,1
"7V8","Fort McDowell Yavapai Nation tribal grouping alone or in any combination","5827:5828","5827",2,1
"7W4","Chickasaw Nation alone or in any combination","5635","5635",0,1
"7X3","Confederated Tribes of the Chehalis Reservation, Washington tribal grouping alone or in any combination","5590:5591","5590",2,1
"7X8","Gabrieleno alone or in any combination","5829","5829",0,1
"7Y3","Chemakuan tribal grouping alone or in any combination","5592:5596","5592,5593,5594",1,1
"7Y7","Campo Band of Diegueno Mission Indians alone or in any combination","5773","5773",0,1
"7Y8","Confederated Tribes of the Grand Ronde Community of Oregon alone or in any combination","5831","5831",0,1
"7Z2","Brotherton alone or in any combination","5541","5541",0,1
"7Z3","Hoh Indian Tribe of the Hoh Reservation, Washington alone or in any combination","5593","5593",0,1
"7Z4","Clatsop alone or in any combination","5640","5640",0,1
"8A1","Pauma Band of Luiseno Mission Indians alone or in any combination","5915","5915",0,1
"8A2","Miami Tribe of Oklahoma alone or in any combination","5955","5955",0,1
"8A4","Paiute Indian Tribe of Utah (Southern Paiute) alone or in any combination","6056","6056",0,1
"8A6","Hannahville Potawatomi Indian Tribe, Michigan alone or in any combination","6155","6155",0,1
"8B2","Miccosukee Tribe of Indians of Florida tribal grouping alone or in any combination","5957:5958","5957",2,1
"8B6","Nottawaseppi Huron Band of the Potawatomi, Michigan alone or in any combination","6157","6157",0,1
"8C9","Shoalwater Bay Tribe of the Shoalwater Bay Reservation, Washington tribal grouping alone or in any combination","6281:6282","6281",2,1
"8D1","Temecula alone or in any combination","5919","5919",0,1
"8D2","Aroostook Band of Micmac Indians alone or in any combination","5960","5960",0,1
"8D3","Paskenta Band of Nomlaki Indians alone or in any combination","6009","6009",0,1
"8D4","Susanville Indian Rancheria, California alone or in any combination","6060","6060",0,1
"8D8","Sac and Fox Nation of Missouri in Kansas and Nebraska alone or in any combination","6230","6230",0,1
"8E4","Paiute-Shoshone tribal grouping alone or in any combination","6068:6077","6068,6069,6070,6071,6072,6073",1,1
"8E9","Duckwater Shoshone Tribe alone or in any combination","6286","6286",0,1
"8F0","Kickapoo Tribe of Oklahoma alone or in any combination","5889","5889",0,1
"8F3","Columbia alone or in any combination","6015","6015",0,1
"8F4","Shoshone-Paiute Tribes of the Duck Valley Reservation alone or in any combination","6073","6073",0,1
"8F5","Big Valley Band of Pomo Indians of the Big Valley Rancheria alone or in any combination","6118","6118",0,1
"8F6","Match-e-be-nash-she-wish Band of Pottawatomi Indians alone or in any combination","6156","6156",0,1
"8F9","Ely Shoshone Tribe alone or in any combination","6288","6288",0,1
"8G1","Lummi tribal grouping alone or in any combination","5924:5925","5924",2,1
"8G3","Kalapuya alone or in any combination","6016","6016",0,1
"8G5","Dry Creek Rancheria of Pomo Indians alone or in any combination","6122","6122",0,1
"8G7","Duwamish alone or in any combination","6190","6190",0,1
"8H2","Miwok/Me-Wuk tribal grouping alone or in any combination","5969:5978","5969,5970,5971,5972,5973,5974,5975,5976",1,1
"8H5","Kashia Band of Pomo Indians of the Stewarts Point Rancheria alone or in any combination","6129","6129",0,1
"8I1","Mooretown Rancheria of Maidu Indians alone or in any combination","5931","5931",0,1
"8I2","Ione Band of Miwok Indians alone or in any combination","5972","5972",0,1
"8J2","Shingle Springs Band of Miwok Indians alone or in any combination","5974","5974",0,1
"8J3","Oregon Athabascan tribal grouping alone or in any combination","6027:6028","6027",2,1
"8J4","Bishop Paiute Tribe alone or in any combination","6072","6072",0,1
"8J5","Scotts Valley Band of Pomo Indians of California alone or in any combination","6139","6139",0,1
"8J9","Northwestern Band of Shoshone Nation of Utah (Washakie) alone or in any combination","6289","6289",0,1
"8K1","Mechoopda Indian Tribe of Chico Rancheria alone or in any combination","5930","5930",0,1
"8K4","Lone Pine alone or in any combination","6070","6070",0,1
"8K5","Elem Indian Colony of the Sulphur Bank Rancheria alone or in any combination","6124","6124",0,1
"8K8","Schaghticoke tribal grouping alone or in any combination","6247:6248","6247",2,1
"8L1","Berry Creek Rancheria of Maidu Indians alone or in any combination","5927","5927",0,1
"8L5","Sherwood Valley Rancheria of Pomo Indians of California alone or in any combination","6140","6140",0,1
"8L7","Samish Indian Tribe alone or in any combination","6198","6198",0,1
"8M1","Enterprise Rancheria of Maidu Indians alone or in any combination","5928","5928",0,1
"8M5","Lytton Rancheria of California alone or in any combination","6131","6131",0,1
"8M7","Sauk-Suiattle Indian Tribe alone or in any combination","6199","6199",0,1
"8N5","Cloverdale Rancheria of Pomo Indians of California alone or in any combination","6120","6120",0,1
"8N9","Cheyenne River Sioux Tribe of the Cheyenne River Reservation, South Dakota alone or in any combination","6297","6297",0,1
"8O2","Monacan Indian Nation alone or in any combination","5986","5986",0,1
"8O3","Ottawa Tribe of Oklahoma alone or in any combination","6037","6037",0,1
"8O5","Coyote Valley Band of Pomo Indians of California alone or in any combination","6121","6121",0,1
"8P5","Hopland Band of Pomo Indians alone or in any combination","6128","6128",0,1
"8P6","Piro Manso Tiwa Tribe alone or in any combination","6166","6166",0,1
"8P7","Snoqualmie Tribe alone or in any combination","6203","6203",0,1
"8Q0","Konkow tribal grouping alone or in any combination","5898:5899","5898",2,1
"8Q1","Houlton Band of Maliseet Indians alone or in any combination","5939","5939",0,1
"8Q5","Manchester Band of Pomo Indians of the Manchester-Point Arena Rancheria alone or in any combination","6132","6132",0,1
"8Q8","San Manuel Band of Serrano Mission Indians alone or in any combination","6260","6260",0,1
"8R2","North Fork Rancheria of Mono Indians alone or in any combination","5991","5991",0,1
"8R5","Pinoleville Pomo Nation alone or in any combination","6135","6135",0,1
"8R7","Stillaguamish alone or in any combination","6206","6206",0,1
"8S2","Cold Springs Rancheria of Mono Indians alone or in any combination","5990","5990",0,1
"8S5","Robinson Rancheria of Pomo Indians alone or in any combination","6138","6138",0,1
"8T1","Upper Mattaponi Tribe alone or in any combination","5944","5944",0,1
"8T2","Big Sandy Band of Western Mono Indians alone or in any combination","5989","5989",0,1
"8U0","Montauk alone or in any combination","5908","5908",0,1
"8U3","Kaibab Band of Paiute Indians of the Kaibab Indian Reservation alone or in any combination","6050","6050",0,1
"8U5","Ponca Tribe of Nebraska alone or in any combination","6149","6149",0,1
"8U8","Quartz Valley Indian Reservation alone or in any combination","6265","6265",0,1
"8U9","Oglala Sioux Tribe of the Pine Ridge Reservation, South Dakota alone or in any combination","6304","6304",0,1
"8V2","Nanticoke Lenni-Lenape alone or in any combination","5995","5995",0,1
"8V3","Las Vegas Tribe of Paiute Indians of the Las Vegas Indian Colony alone or in any combination","6051","6051",0,1
"8V5","Ponca Tribe of Indians of Oklahoma alone or in any combination","6148","6148",0,1
"8V6","San Juan alone or in any combination","6184","6184",0,1
"8V9","Prairie Island Indian Community alone or in any combination","6306","6306",0,1
"8W3","Moapa Band of Paiute Indians of the Moapa River Indian Reservation, Nevada alone or in any combination","6054","6054",0,1
"8W7","Quapaw Tribe of Indians, Oklahoma tribal grouping alone or in any combination","6214:6215","6214",2,1
"8W9","Shakopee Mdewakanton Sioux Commnuity (Prior Lake) alone or in any combination","6309","6309",0,1
"8X1","Illinois Miami alone or in any combination","5953","5953",0,1
"8X3","Northern Paiute alone or in any combination","6055","6055",0,1
"8Y7","Rappahannock Indian tribal grouping alone or in any combination","6218:6219","6218",2,1
"8Z7","Reno-Sparks Indian Colony, Nevada tribal grouping alone or in any combination","6220:6221","6220",2,1
"8Z8","Piqua Shawnee Tribe alone or in any combination","6273","6273",0,1
"9A0","Sisseton-Wahpeton Oyate of the Lake Traverse Reservation, South Dakota alone or in any combination","6310","6310",0,1
"9A1","Umpqua alone or in any combination","6357","6357",0,1
"9A2","Grindstone Indian Rancheria of Wintun-Wailaki Indians alone or in any combination","6412","6412",0,1
"9A4","Northway Village alone or in any combination","5070","5070",0,1
"9A6","Inupiat (Inupiaq) alone or in any combination","5221","5221",0,1
"9A7","Central Council of the Tlingit and Haida Indian Tribes alone or in any combination","5321","5321",0,1
"9B3","Ahtna, Inc. Corporation alone or in any combination","5021","5021",0,1
"9B5","Native Village of Ouzinkie alone or in any combination","5155","5155",0,1
"9B6","Kaktovik Village (Barter Island) alone or in any combination","5231","5231",0,1
"9C4","Native Village of Ruby alone or in any combination","5059","5059",0,1
"9D4","Seldovia Village Tribe alone or in any combination","5075","5075",0,1
"9D5","Lesnoi Village (Woody Island) alone or in any combination","5139","5139",0,1
"9D9","New Stuyahok Village alone or in any combination","5453","5453",0,1
"9E0","Upper Sioux Community alone or in any combination","6314","6314",0,1
"9E3","Anvik Village alone or in any combination","5026","5026",0,1
"9E5","Sun'aq Tribe of Kodiak alone or in any combination","5170","5170",0,1
"9E6","Native Village of Kobuk alone or in any combination","5245","5245",0,1
"9F3","Beaver Village alone or in any combination","5028","5028",0,1
"9F4","Native Village of Stevens alone or in any combination","5060","5060",0,1
"9F8","Village of Clark's Point alone or in any combination","5474","5474",0,1
"9G3","Native Village of Chitina alone or in any combination","5053","5053",0,1
"9G8","Village of Crooked Creek alone or in any combination","5475","5475",0,1
"9H1","Walla Walla tribal grouping alone or in any combination","6369:6370","6369",2,1
"9H3","Cook Inlet alone or in any combination","5034","5034",0,1
"9H4","Native Village of Tanana alone or in any combination","5062","5062",0,1
"9H5","Qawalangin Tribe of Unalaska alone or in any combination","5165","5165",0,1
"9H9","Native Village of Pitka's Point alone or in any combination","5446","5446",0,1
"9I4","Native Village of Tetlin alone or in any combination","5064","5064",0,1
"9I5","Saint George Island alone or in any combination","5166","5166",0,1
"9I8","Native Village of Eek alone or in any combination","5427","5427",0,1
"9I9","Native Village of Kwinhagak alone or in any combination","5438","5438",0,1
"9J3","Native Village of Eagle alone or in any combination","5054","5054",0,1
"9J4","Native Village of Tyonek alone or in any combination","5065","5065",0,1
"9J7","Yakutat Tlingit Tribe alone or in any combination","5342","5342",0,1
"9J8","Ekwok Village alone or in any combination","5419","5419",0,1
"9K1","Mashpee Wampanoag Tribe alone or in any combination","6375","6375",0,1
"9K3","Eklutna Native Village alone or in any combination","5037","5037",0,1
"9K5","Native Village of Unga alone or in any combination","5162","5162",0,1
"9K6","Noorvik Native Community alone or in any combination","5263","5263",0,1
"9K7","Sealaska Corporation (Southeast Alaska) alone or in any combination","5336","5336",0,1
"9K9","Native Village of Scammon Bay alone or in any combination","5449","5449",0,1
"9L6","Native Village of Nuiqsut (Nooiksut) alone or in any combination","5251","5251",0,1
"9L9","Native Village of Nunam Iqua (Sheldon's Point) alone or in any combination","5444","5444",0,1
"9M1","Seaconeke Wampanoag alone or in any combination","6379","6379",0,1
"9M3","Galena Village (Louden Village) alone or in any combination","5039","5039",0,1
"9N2","Yuchi tribal grouping alone or in any combination","6440:6444","6440,6441",1,1
"9N3","Organized Village of Grayling (Holikachuk) alone or in any combination","5072","5072",0,1
"9N4","Aleut alone or in any combination","5120","5120",0,1
"9N5","Inuit alone or in any combination","5229","5229",0,1
"9N6","Native Village of Point Lay alone or in any combination","5253","5253",0,1
"9N8","Village of Kalskag alone or in any combination","5476","5476",0,1
"9O2","Yuchi alone or in any combination","6440","6440",0,1
"9O9","Nunakauyarmiut Tribe (Toksook Bay) alone or in any combination","5456","5456",0,1
"9P4","Native Village of Afognak alone or in any combination","5140","5140",0,1
"9P5","Village of Anaktuvuk Pass alone or in any combination","5264","5264",0,1
"9P9","Tuluksak Native Community alone or in any combination","5466","5466",0,1
"9Q3","Village of Kaltag alone or in any combination","5084","5084",0,1
"9Q4","Chignik Lake Village alone or in any combination","5126","5126",0,1
"9R3","Native Village of Kluti Kaah (Copper Center) alone or in any combination","5057","5057",0,1
"9R4","Kokhanok Village alone or in any combination","5137","5137",0,1
"9R5","Atqasuk Village (Atkasook) alone or in any combination","5224","5224",0,1
"9S3","Knik Tribe alone or in any combination","5045","5045",0,1
"9S4","Chugach Aleut alone or in any combination","5127","5127",0,1
"9S7","Siberian Yupik alone or in any combination","5463","5463",0,1
"9S8","Village of Kotlik alone or in any combination","5477","5477",0,1
"9S9","Yup'ik (Yup'ik Eskimo) alone or in any combination","5410","5410",0,1
"9T4","Chugach Corporation alone or in any combination","5128","5128",0,1
"9U1","Winnebago tribal grouping alone or in any combination","6402:6406","6402,6403",1,1
"9U3","McGrath Native Village alone or in any combination","5050","5050",0,1
"9U4","Native Village of Nanwalek (English Bay) alone or in any combination","5152","5152",0,1
"9U6","Native Village of Wales alone or in any combination","5260","5260",0,1
"9U7","Akiak Native Community alone or in any combination","5412","5412",0,1
"9U8","Native Village of Kwigillingok alone or in any combination","5437","5437",0,1
"9V0","Smith River Rancheria alone or in any combination","6349","6349",0,1
"9V3","Mentasta Traditional Council alone or in any combination","5051","5051",0,1
"9V4","Native Village of Eyak (Cordova) alone or in any combination","5147","5147",0,1
"9V8","Village of Lower Kalskag alone or in any combination","5478","5478",0,1
"9W4","Agdaagux Tribe of King Cove alone or in any combination","5121","5121",0,1
"9W5","Chinik Eskimo Community (Golovin) alone or in any combination","5227","5227",0,1
"9W7","Native Village of Aleknagik alone or in any combination","5425","5425",0,1
"9W8","Manokotak Village alone or in any combination","5423","5423",0,1
"9X3","Nenana Native Association alone or in any combination","5066","5066",0,1
"9X4","Kodiak alone or in any combination","5136","5136",0,1
"9X5","Native Village of Deering alone or in any combination","5240","5240",0,1
"9X6","Chevak Native Village alone or in any combination","5226","5226",0,1
"9X7","Yupiit of Andreafski alone or in any combination","5482","5482",0,1
"9Y3","Ninilchik Village Traditional Council alone or in any combination","5068","5068",0,1
"9Y6","Native Village of Mekoryuk alone or in any combination","5249","5249",0,1
"9Z1","Cortina Indian Rancheria of Wintun Indians alone or in any combination","6409","6409",0,1
"9Z2","Alaska Native alone or in any combination","5010:5499","5010:5499",1,1
"9Z4","Native Village of Larsen Bay alone or in any combination","5151","5151",0,1
"9Z5","Native Village of Diomede (Inalik) alone or in any combination","5241","5241",0,1
"9Z7","Village of Atmautluak alone or in any combination","5471","5471",0,1
"1360","Alaska Native alone","5010:5499","5010:5499",1,0
"1361","Agdaagux Tribe of King Cove alone","5121","5121",0,0
"1362","Ahtna, Inc. Corporation alone","5021","5021",0,0
"1363","Akiachak Native Community alone","5411","5411",0,0
"1364","Akiak Native Community alone","5412","5412",0,0
"1365","Alanvik alone","5022","5022",0,0
"1366","Alaskan Athabascan alone","5020","5020",0,0
"1367","Alatna Village alone","5023","5023",0,0
"1368","Aleut alone","5120","5120",0,0
"1369","Aleut Corporation alone","5122","5122",0,0
"1370","Alexander alone","5024","5024",0,0
"1371","Algaaciq Native Village (St. Mary's) alone","5413","5413",0,0
"1372","Allakaket Village alone","5025","5025",0,0
"1373","Alutiiq alone","5123","5123",0,0
"1374","Alutiiq Tribe of Old Harbor alone","5173","5173",0,0
"1375","American Eskimo alone","5222","5222",0,0
"1376","Angoon Community Association alone","5340","5340",0,0
"1377","Anvik Village alone","5026","5026",0,0
"1378","Arctic Slope Corporation alone","5223","5223",0,0
"1379","Arctic Village alone","5027","5027",0,0
"1380","Asa'carsarmiut Tribe alone","5414","5414",0,0
"1381","Atqasuk Village (Atkasook) alone","5224","5224",0,0
"1382","Beaver Village alone","5028","5028",0,0
"1383","Bering Straits Inupiat alone","5225","5225",0,0
"1384","Birch Creek Tribe alone","5029","5029",0,0
"1385","Bristol Bay alone","5415","5415",0,0
"1386","Bristol Bay Aleut alone","5124","5124",0,0
"1387","Calista alone","5416","5416",0,0
"1388","Central Council of the Tlingit and Haida Indian Tribes alone","5321","5321",0,0
"1389","Chalkyitsik Village alone","5030","5030",0,0
"1390","Cheesh-Na Tribe (Chistochina) alone","5031","5031",0,0
"1391","Chevak Native Village alone","5226","5226",0,0
"1392","Chickaloon Native Village alone","5032","5032",0,0
"1393","Chignik Bay Tribal Council (Native Village of Chignik) alone","5125","5125",0,0
"1394","Chignik Lake Village alone","5126","5126",0,0
"1395","Chilkat Indian Village (Klukwan) alone","5322","5322",0,0
"1396","Chilkoot Indian Association (Haines) alone","5323","5323",0,0
"1397","Chinik Eskimo Community (Golovin) alone","5227","5227",0,0
"1398","Chugach Aleut alone","5127","5127",0,0
"1399","Chugach Corporation alone","5128","5128",0,0
"1400","Chuloonawick Native Village alone","5417","5417",0,0
"1401","Circle Native Community alone","5033","5033",0,0
"1402","Cook Inlet alone","5034","5034",0,0
"1403","Copper River alone","5035","5035",0,0
"1404","Craig Tribal Association alone","5324","5324",0,0
"1405","Curyung Tribal Council (Native Village of Dillingham) alone","5418","5418",0,0
"1406","Douglas Indian Association alone","5325","5325",0,0
"1407","Doyon alone","5036","5036",0,0
"1408","Egegik Village alone","5129","5129",0,0
"1409","Eklutna Native Village alone","5037","5037",0,0
"1410","Emmonak Village alone","5420","5420",0,0
"1411","Eskimo alone","5220","5220",0,0
"1412","Evansville Village (Bettles Field) alone","5038","5038",0,0
"1413","Galena Village (Louden Village) alone","5039","5039",0,0
"1414","Greenland Inuit alone","5228","5228",0,0
"1415","Gulkana Village Council alone","5040","5040",0,0
"1416","Haida alone","5326","5326",0,0
"1417","Holy Cross Tribe alone","5042","5042",0,0
"1418","Hoonah Indian Association alone","5327","5327",0,0
"1419","Hughes Village alone","5043","5043",0,0
"1420","Hydaburg Cooperative Association alone","5328","5328",0,0
"1421","Igiugig Village alone","5130","5130",0,0
"1422","Huslia Village alone","5044","5044",0,0
"1423","Inuit alone","5229","5229",0,0
"1424","Inupiat (Inupiaq) alone","5221","5221",0,0
"1425","Inupiat Community of the Arctic Slope alone","5230","5230",0,0
"1426","Iqugmuit Traditional Council alone","5421","5421",0,0
"1427","Ivanof Bay Village alone","5131","5131",0,0
"1428","Kaguyak Village alone","5132","5132",0,0
"1429","Kaktovik Village (Barter Island) alone","5231","5231",0,0
"1430","Kasigluk Traditional Elders Council alone","5434","5434",0,0
"1431","Kawerak alone","5232","5232",0,0
"1432","Kenaitze Indian Tribe alone","5089","5089",0,0
"1433","Ketchikan Indian Corporation alone","5329","5329",0,0
"1434","King Cove alone","5134","5134",0,0
"1435","King Island Native Community alone","5233","5233",0,0
"1436","King Salmon Tribe alone","5135","5135",0,0
"1437","Klawock Cooperative Association alone","5330","5330",0,0
"1438","Knik Tribe alone","5045","5045",0,0
"1439","Kodiak alone","5136","5136",0,0
"1440","Kokhanok Village alone","5137","5137",0,0
"1441","Koniag Aleut alone","5138","5138",0,0
"1442","Koyukuk Native Village alone","5046","5046",0,0
"1443","Lake Minchumina alone","5047","5047",0,0
"1444","Levelock Village alone","5422","5422",0,0
"1445","Lime Village alone","5048","5048",0,0
"1446","Manley Hot Springs Village alone","5049","5049",0,0
"1447","Manokotak Village alone","5423","5423",0,0
"1448","McGrath Native Village alone","5050","5050",0,0
"1449","Mentasta Traditional Council alone","5051","5051",0,0
"1450","Metlakatla Indian Community, Annette Island Reserve alone","5396","5396",0,0
"1451","Naknek Native Village alone","5424","5424",0,0
"1452","Nana Inupiat alone","5234","5234",0,0
"1453","Native Village of Afognak alone","5140","5140",0,0
"1454","Native Village of Akhiok alone","5141","5141",0,0
"1455","Native Village of Akutan alone","5142","5142",0,0
"1456","Native Village of Aleknagik alone","5425","5425",0,0
"1457","Native Village of Ambler alone","5235","5235",0,0
"1458","Native Village of Atka alone","5143","5143",0,0
"1459","Native Village of Barrow Inupiat Traditional Government alone","5236","5236",0,0
"1460","Native Village of Belkofski alone","5144","5144",0,0
"1461","Native Village of Brevig Mission alone","5237","5237",0,0
"1462","Native Village of Buckland alone","5238","5238",0,0
"1463","Native Village of Cantwell alone","5052","5052",0,0
"1464","Native Village of Chanega (Chenega) alone","5145","5145",0,0
"1465","Native Village of Chignik Lagoon alone","5146","5146",0,0
"1466","Native Village of Chitina alone","5053","5053",0,0
"1467","Native Village of Chuathbaluk alone","5426","5426",0,0
"1468","Native Village of Council alone","5239","5239",0,0
"1469","Native Village of Deering alone","5240","5240",0,0
"1470","Native Village of Diomede (Inalik) alone","5241","5241",0,0
"1471","Native Village of Eagle alone","5054","5054",0,0
"1472","Native Village of Eek alone","5427","5427",0,0
"1473","Native Village of Ekuk alone","5428","5428",0,0
"1474","Native Village of Ekwok alone","5419","5419",0,0
"1475","Native Village of Elim alone","5242","5242",0,0
"1476","Native Village of Eyak (Cordova) alone","5147","5147",0,0
"1477","Native Village of False Pass alone","5148","5148",0,0
"1478","Native Village of Fort Yukon alone","5055","5055",0,0
"1479","Native Village of Gakona alone","5056","5056",0,0
"1480","Native Village of Gambell alone","5429","5429",0,0
"1481","Native Village of Georgetown alone","5430","5430",0,0
"1482","Native Village of Goodnews Bay alone","5431","5431",0,0
"1483","Native Village of Hamilton alone","5432","5432",0,0
"1484","Native Village of Hooper Bay (Naparyarmiut) alone","5433","5433",0,0
"1485","Native Village of Kanatak alone","5149","5149",0,0
"1486","Native Village of Karluk alone","5150","5150",0,0
"1487","Native Village of Kiana alone","5243","5243",0,0
"1488","Native Village of Kipnuk alone","5435","5435",0,0
"1489","Native Village of Kivalina alone","5244","5244",0,0
"1490","Native Village of Kluti Kaah (Copper Center) alone","5057","5057",0,0
"1491","Native Village of Kobuk alone","5245","5245",0,0
"1492","Native Village of Kongiganak alone","5436","5436",0,0
"1493","Native Village of Kotzebue alone","5246","5246",0,0
"1494","Native Village of Koyuk alone","5247","5247",0,0
"1495","Native Village of Kwigillingok alone","5437","5437",0,0
"1496","Native Village of Kwinhagak (Quinhagak) alone","5438","5438",0,0
"1497","Native Village of Larsen Bay alone","5151","5151",0,0
"1498","Native Village of Marshall (Fortuna Ledge) alone","5439","5439",0,0
"1499","Native Village of Mary's Igloo alone","5248","5248",0,0
"1500","Native Village of Mekoryuk alone","5249","5249",0,0
"1501","Native Village of Minto alone","5058","5058",0,0
"1502","Native Village of Nanwalek (English Bay) alone","5152","5152",0,0
"1503","Native Village of Napaimute alone","5440","5440",0,0
"1504","Native Village of Napakiak alone","5441","5441",0,0
"1505","Native Village of Napaskiak alone","5442","5442",0,0
"1506","Native Village of Nelson Lagoon alone","5153","5153",0,0
"1507","Native Village of Nightmute alone","5443","5443",0,0
"1508","Native Village of Nikolski alone","5154","5154",0,0
"1509","Native Village of Noatak alone","5250","5250",0,0
"1510","Native Village of Nuiqsut (aka Nooiksut) alone","5251","5251",0,0
"1511","Native Village of Nunam Iqua alone","5444","5444",0,0
"1512","Native Village of Nunapitchuk alone","5445","5445",0,0
"1513","Native Village of Ouzinkie alone","5155","5155",0,0
"1514","Native Village of Paimiut alone","5483","5483",0,0
"1515","Native Village of Perryville alone","5156","5156",0,0
"1516","Native Village of Pilot Point alone","5157","5157",0,0
"1517","Native Village of Point Hope alone","5252","5252",0,0
"1518","Native Village of Point Lay alone","5253","5253",0,0
"1519","Native Village of Port Graham alone","5158","5158",0,0
"1520","Native Village of Port Heiden alone","5159","5159",0,0
"1521","Native Village of Port Lions alone","5160","5160",0,0
"1522","Native Village of Ruby alone","5059","5059",0,0
"1523","Native Village of Saint Michael alone","5447","5447",0,0
"1524","Native Village of Savoonga alone","5448","5448",0,0
"1525","Native Village of Scammon Bay alone","5449","5449",0,0
"1526","Native Village of Selawik alone","5254","5254",0,0
"1527","Native Village of Shaktoolik alone","5255","5255",0,0
"1528","Native Village of Shishmaref alone","5256","5256",0,0
"1529","Native Village of Shungnak alone","5257","5257",0,0
"1530","Native Village of Stevens alone","5060","5060",0,0
"1531","Native Village of Tanacross alone","5061","5061",0,0
"1532","Native Village of Tanana alone","5062","5062",0,0
"1533","Native Village of Tatitlek alone","5161","5161",0,0
"1534","Native Village of Tazlina alone","5063","5063",0,0
"1535","Native Village of Teller alone","5258","5258",0,0
"1536","Native Village of Tetlin alone","5064","5064",0,0
"1537","Native Village of Tuntutuliak alone","5450","5450",0,0
"1538","Native Village of Tununak alone","5451","5451",0,0
"1539","Native Village of Tyonek alone","5065","5065",0,0
"1540","Native Village of Unalakleet alone","5259","5259",0,0
"1541","Native Village of Unga alone","5162","5162",0,0
"1542","Native Village of Wales alone","5260","5260",0,0
"1543","Native Village of White Mountain alone","5261","5261",0,0
"1544","Nenana Native Association alone","5066","5066",0,0
"1545","New Koliganek Village Council alone","5452","5452",0,0
"1546","New Stuyahok Village alone","5453","5453",0,0
"1547","Newhalen Village alone","5454","5454",0,0
"1548","Newtok Village alone","5455","5455",0,0
"1549","Nikolai Village alone","5067","5067",0,0
"1550","Ninilchik Village alone","5068","5068",0,0
"1551","Nome Eskimo Community alone","5262","5262",0,0
"1552","Nondalton Village alone","5069","5069",0,0
"1553","Noorvik Native Community alone","5263","5263",0,0
"1554","Northway Village alone","5070","5070",0,0
"1555","Nulato Village alone","5071","5071",0,0
"1556","Nunakauyarmiut Tribe (Toksook Bay) alone","5456","5456",0,0
"1557","Organized Village of Grayling (Holikachuk) alone","5072","5072",0,0
"1558","Organized Village of Kake alone","5331","5331",0,0
"1559","Organized Village of Kasaan alone","5332","5332",0,0
"1560","Organized Village of Kwethluk alone","5457","5457",0,0
"1561","Organized Village of Saxman alone","5333","5333",0,0
"1562","Orutsararmiut Traditional Native Council alone","5458","5458",0,0
"1563","Oscarville Traditional Village alone","5459","5459",0,0
"1564","Pauloff Harbor Village alone","5163","5163",0,0
"1565","Pedro Bay Village alone","5073","5073",0,0
"1566","Pelican alone","5334","5334",0,0
"1567","Petersburg Indian Association alone","5335","5335",0,0
"1568","Pilot Station Traditional Village alone","5460","5460",0,0
"1569","Pitka's Point Traditional Council alone","5446","5446",0,0
"1570","Platinum Traditional Village alone","5461","5461",0,0
"1571","Portage Creek Village (Ohgsenakale) alone","5462","5462",0,0
"1572","Qagan Tayagungin Tribe of Sand Point Village alone","5164","5164",0,0
"1573","Qawalangin Tribe of Unalaska alone","5165","5165",0,0
"1574","Rampart Village alone","5074","5074",0,0
"1575","Saint George Island alone","5166","5166",0,0
"1576","Saint Paul Island alone","5167","5167",0,0
"1577","Salamatof Tribe alone","5085","5085",0,0
"1578","Sealaska Corporation (Southeast Alaska) alone","5336","5336",0,0
"1579","Seldovia Village Tribe alone","5075","5075",0,0
"1580","Shageluk Native Village alone","5076","5076",0,0
"1581","Siberian Yupik alone","5463","5463",0,0
"1582","Sitka Tribe of Alaska alone","5337","5337",0,0
"1583","Skagway Village alone","5338","5338",0,0
"1584","Slana alone","5077","5077",0,0
"1585","South Naknek Village alone","5168","5168",0,0
"1586","Stebbins Community Association alone","5464","5464",0,0
"1587","Sugpiaq alone","5169","5169",0,0
"1588","Sun'aq Tribe of Kodiak alone","5170","5170",0,0
"1589","Takotna Village alone","5078","5078",0,0
"1590","Tanana Chiefs alone","5079","5079",0,0
"1591","Tangirnaq Native Village alone","5139","5139",0,0
"1592","Telida Village alone","5080","5080",0,0
"1593","Tenakee Springs alone","5339","5339",0,0
"1594","Tlingit alone","5320","5320",0,0
"1595","Tok alone","5081","5081",0,0
"1596","Traditional Village of Togiak alone","5465","5465",0,0
"1597","Tsimshian alone","5395","5395",0,0
"1598","Tuluksak Native Community alone","5466","5466",0,0
"1599","Twin Hills Village alone","5467","5467",0,0
"1600","Ugashik Village alone","5171","5171",0,0
"1601","Umkumiut Native Village alone","5468","5468",0,0
"1602","Unangan (Unalaska) alone","5172","5172",0,0
"1603","Village of Alakanuk alone","5469","5469",0,0
"1604","Village of Anaktuvuk Pass alone","5264","5264",0,0
"1605","Village of Aniak alone","5470","5470",0,0
"1606","Village of Atmautluak alone","5471","5471",0,0
"1607","Village of Bill Moore's Slough alone","5472","5472",0,0
"1608","Village of Chefornak alone","5473","5473",0,0
"1609","Village of Clarks Point alone","5474","5474",0,0
"1610","Village of Crooked Creek alone","5475","5475",0,0
"1611","Village of Dot Lake alone","5082","5082",0,0
"1612","Village of Iliamna alone","5083","5083",0,0
"1613","Village of Kalskag alone","5476","5476",0,0
"1614","Village of Kaltag alone","5084","5084",0,0
"1615","Village of Kotlik alone","5477","5477",0,0
"1616","Village of Lower Kalskag alone","5478","5478",0,0
"1617","Village of Ohogamiut alone","5479","5479",0,0
"1618","Village of Red Devil alone","5480","5480",0,0
"1619","Village of Sleetmute alone","5481","5481",0,0
"1620","Village of Solomon alone","5265","5265",0,0
"1621","Village of Stony River alone","5086","5086",0,0
"1622","Village of Venetie alone","5087","5087",0,0
"1623","Village of Wainwright alone","5266","5266",0,0
"1624","Wiseman alone","5088","5088",0,0
"1625","Wrangell Cooperative Association alone","5341","5341",0,0
"1626","Yakutat Tlingit Tribe alone","5342","5342",0,0
"1627","Yupiit of Andreafski alone","5482","5482",0,0
"1628","Yup'ik (Yup'ik Eskimo) alone","5410","5410",0,0
"1629","Alaska Native alone, not specified","5010:5019","5010,5011",1,0
"1631","American Indian alone","5500:6499","5500:6499",1,0
"1632","Abenaki Nation of Missisquoi alone","5505","5505",0,0
"1633","Absentee Shawnee Tribe of Indians of Oklahoma alone","6270","6270",0,0
"1634","Agua Caliente alone","5757","5757",0,0
"1635","Agua Caliente Band of Cahuilla Indians alone","5557","5557",0,0
"1636","Ak-Chin Indian Community alone","5510","5510",0,0
"1637","Alabama Creek alone","5743","5743",0,0
"1638","Alabama Quassarte Tribal Town alone","5736","5736",0,0
"1639","Alabama-Coushatta Tribe of Texas alone","5727","5727",0,0
"1640","Algonquian alone","5512","5512",0,0
"1641","Allegheny Lenape alone","5762","5762",0,0
"1642","Alpine alone","6390","6390",0,0
"1643","Alsea alone","6013","6013",0,0
"1644","Alturas Indian Rancheria alone","6112","6112",0,0
"1645","Ani-stohini/Unami alone","6441","6441",0,0
"1646","Apache alone","5514","5514",0,0
"1647","Apache Tribe of Oklahoma alone","5515","5515",0,0
"1648","Arapaho alone","5524","5524",0,0
"1649","Arapaho Tribe of the Wind River Reservation, Wyoming alone","5525","5525",0,0
"1650","Aroostook Band of Micmacs alone","5960","5960",0,0
"1651","Assiniboine alone","5529","5529",0,0
"1652","Assiniboine and Sioux Tribes of the Fort Peck Indian Reservation, Montana alone","5531","5531",0,0
"1653","Assonet Band of the Wampanoag Nation alone","6372","6372",0,0
"1654","Atakapa alone","5786","5786",0,0
"1655","Atsina alone","5834","5834",0,0
"1656","Augustine Band of Cahuilla Indians, California alone","5558","5558",0,0
"1657","Bad River Band of the Lake Superior Tribe alone","5650","5650",0,0
"1658","Bannock alone","5822","5822",0,0
"1659","Barona Group of Capitan Grande Band alone","5772","5772",0,0
"1660","Bay Mills Indian Community alone","5651","5651",0,0
"1661","Bear River Band of Rohnerville Rancheria alone","5566","5566",0,0
"1662","Beaver Creek Indians alone","5787","5787",0,0
"1663","Berry Creek Rancheria of Maidu Indians alone","5927","5927",0,0
"1664","Big Lagoon Rancheria alone","6347","6347",0,0
"1665","Big Pine Paiute Tribe of the Owens Valley alone","6044","6044",0,0
"1666","Big Sandy Rancheria of Western Mono Indians of California alone","5989","5989",0,0
"1667","Big Valley Band of Pomo Indians of the Big Valley Rancheria alone","6118","6118",0,0
"1668","Biloxi alone","5788","5788",0,0
"1669","Biloxi-Chitimacha Confederation alone","5789","5789",0,0
"1670","Bishop Paiute Tribe alone","6072","6072",0,0
"1671","Blackfeet Tribe of the Blackfeet Indian Reservation of Montana alone","5536","5536",0,0
"1672","Blue Lake Rancheria alone","6414","6414",0,0
"1673","Bois Forte Band (Nett Lake) alone","5652","5652",0,0
"1674","Bridgeport Paiute Indian Colony alone","6045","6045",0,0
"1675","Brotherton alone","5541","5541",0,0
"1676","Brule Sioux alone","6296","6296",0,0
"1677","Buena Vista Rancheria of Me-Wuk Indians of California alone","5970","5970",0,0
"1678","Burns Paiute Tribe alone","6046","6046",0,0
"1679","Burt Lake Band of Ottawa and Chippewa Indians alone","5546","5546",0,0
"1680","Cabazon Band of Mission Indians alone","5559","5559",0,0
"1681","Cachil Dehe Band of Wintun Indians of the Colusa Rancheria alone","6408","6408",0,0
"1682","Caddo Adais Indians alone","5552","5552",0,0
"1683","Caddo alone","5551","5551",0,0
"1684","Caddo Nation of Oklahoma alone","5553","5553",0,0
"1685","Cahto Indian Tribe of the Laytonville Rancheria alone","5567","5567",0,0
"1686","Cahuilla alone","5556","5556",0,0
"1687","Cahuilla Band of Indians alone","5965","5965",0,0
"1688","California Valley Miwok Tribe alone","5568","5568",0,0
"1689","Campo Band of Diegueno Mission Indians alone","5773","5773",0,0
"1690","Capitan Grande Band of Diegueno Mission Indians alone","5774","5774",0,0
"1691","Catawba Indian Nation alone","5586","5586",0,0
"1692","Cayuga Nation alone","5864","5864",0,0
"1693","Cayuse alone","5588","5588",0,0
"1694","Cedarville Rancheria alone","6047","6047",0,0
"1695","Celilo alone","6014","6014",0,0
"1696","Central Pomo alone","6119","6119",0,0
"1697","Chaloklowa Chickasaw alone","5634","5634",0,0
"1698","Chappaquiddick Tribe of the Wampanoag Indian Nation alone","6373","6373",0,0
"1699","Chaubunagungamaug Nipmuck alone","6004","6004",0,0
"1700","Chemakuan alone","5592","5592",0,0
"1701","Chemehuevi Indian Tribe alone","5597","5597",0,0
"1702","Cher-Ae Heights Indian Community of the Trinidad Rancheria alone","5569","5569",0,0
"1703","Cher-O-Creek Intratribal Indians alone","5600","5600",0,0
"1704","Cheroenhaka (Nottoway) alone","5790","5790",0,0
"1705","Cherokee Alabama alone","5601","5601",0,0
"1706","Cherokee alone","5599","5599",0,0
"1707","Cherokee Nation alone","5603","5603",0,0
"1708","Cherokee Bear Clan of South Carolina alone","5602","5602",0,0
"1709","Cherokee of Georgia alone","5604","5604",0,0
"1710","Cherokee Tribe of Northeast Alabama alone","5605","5605",0,0
"1711","Cheyenne alone","5619","5619",0,0
"1712","Cheyenne and Arapaho Tribes, Oklahoma alone","5624","5624",0,0
"1713","Cheyenne River Sioux Tribe of the Cheyenne River Reservation, South Dakota alone","6297","6297",0,0
"1714","Chickahominy Indian Tribe alone","5630","5630",0,0
"1715","Chickahominy Indian Tribe - Eastern Division alone","5629","5629",0,0
"1716","The Chickasaw Nation alone","5635","5635",0,0
"1717","Chicken Ranch Rancheria of Me-Wuk Indians alone","5971","5971",0,0
"1718","Chimariko alone","5570","5570",0,0
"1719","Chinook alone","5639","5639",0,0
"1720","Chippewa alone","5649","5649",0,0
"1721","Chippewa Cree Indians of the Rocky Boy's Reservation, Montana alone","5679","5679",0,0
"1722","Chitimacha Tribe of Louisiana alone","5684","5684",0,0
"1723","Choctaw alone","5689","5689",0,0
"1724","Choctaw-Apache Community of Ebarb alone","5699","5699",0,0
"1725","The Choctaw Nation of Oklahoma alone","5690","5690",0,0
"1726","Chumash alone","5701","5701",0,0
"1727","Citizen Potawatomi Nation, Oklahoma alone","6153","6153",0,0
"1728","Clatsop alone","5640","5640",0,0
"1729","Clear Lake alone","5706","5706",0,0
"1730","Clifton Choctaw Tribe of Louisiana alone","5691","5691",0,0
"1731","Cloverdale Rancheria of Pomo Indians of California alone","6120","6120",0,0
"1732","Cocopah Tribe of Arizona alone","6445","6445",0,0
"1733","Coeur D'Alene alone","5708","5708",0,0
"1734","Coharie Indian Tribe alone","5710","5710",0,0
"1735","Cold Springs Rancheria of Mono Indians alone","5990","5990",0,0
"1736","Colorado River Indian Tribe alone","5712","5712",0,0
"1737","Columbia alone","6015","6015",0,0
"1738","Columbia River Chinook alone","5641","5641",0,0
"1739","Comanche Nation, Oklahoma alone","5716","5716",0,0
"1740","Confederated Salish and Kootenai Tribes of the Flathead Nation alone","6238","6238",0,0
"1741","Confederated Tribes and Bands of the Yakama Nation alone","6419","6419",0,0
"1742","Confederated Tribes of Siletz Indians of Oregon alone","6293","6293",0,0
"1743","Confederated Tribes of the Chehalis Reservation alone","5590","5590",0,0
"1744","Confederated Tribes of the Colville Reservation alone","5714","5714",0,0
"1745","Confederated Tribes of the Coos, Lower Umpqua, and Siuslaw Indians alone","5720","5720",0,0
"1746","Confederated Tribes of the Goshute Reservation alone","6284","6284",0,0
"1747","Confederated Tribes of the Grand Ronde Community of Oregon alone","5831","5831",0,0
"1748","Confederated Tribes of the Umatilla Indian Reservation alone","6355","6355",0,0
"1749","Confederated Tribes of Warm Springs alone","6386","6386",0,0
"1750","Coos alone","5718","5718",0,0
"1751","Coquille Indian Tribe alone","5722","5722",0,0
"1752","Costanoan alone","5724","5724",0,0
"1753","Coushatta alone","5726","5726",0,0
"1754","Coushatta Tribe of Louisiana alone","5728","5728",0,0
"1755","Cow Creek Band of Umpqua Tribe of Indians alone","6358","6358",0,0
"1756","Cowlitz Indian Tribe alone","5731","5731",0,0
"1757","Coyote Valley Band of Pomo Indians of California alone","6121","6121",0,0
"1758","Cree alone","5733","5733",0,0
"1759","Croatan alone","5750","5750",0,0
"1760","Crow Creek Sioux Tribe of the Crow Creek Reservation, South Dakota alone","6298","6298",0,0
"1761","Crow Tribe of Montana alone","5752","5752",0,0
"1762","Cumberland County Association for Indian People alone","5754","5754",0,0
"1763","Cupeno alone","5756","5756",0,0
"1764","Delaware (Lenni-Lenape) alone","5761","5761",0,0
"1765","Delaware Nation alone","5763","5763",0,0
"1766","Delaware Tribe of Indians, Oklahoma alone","5764","5764",0,0
"1767","Dry Creek Rancheria Band of Pomo Indians, California alone","6122","6122",0,0
"1768","Duckwater Shoshone Tribe alone","6286","6286",0,0
"1769","Duwamish alone","6190","6190",0,0
"1770","East of the River Shawnee alone","6271","6271",0,0
"1771","Eastern Band of Cherokee Indians alone","5606","5606",0,0
"1772","Eastern Creek alone","5737","5737",0,0
"1773","Eastern Muscogee alone","5738","5738",0,0
"1774","Eastern Pequot alone","6098","6098",0,0
"1775","Eastern Pomo alone","6123","6123",0,0
"1776","Eastern Shawnee Tribe of Oklahoma alone","6272","6272",0,0
"1777","Eastern Shoshone Tribe of the Wind River Reservation, Wyoming alone","6287","6287",0,0
"1778","Echota Cherokee Tribe of Alabama alone","5607","5607",0,0
"1779","Edisto Natchez-Kusso Tribe of South Carolina (Natchez Indian Tribe) alone","5796","5796",0,0
"1780","Elem Indian Colony of the Sulphur Bank Rancheria alone","6124","6124",0,0
"1781","Elk Valley Rancheria alone","6348","6348",0,0
"1782","Elnu Abenaki Tribe alone","5506","5506",0,0
"1783","Ely Shoshone Tribe alone","6288","6288",0,0
"1784","Enterprise Rancheria of Maidu Indians alone","5928","5928",0,0
"1785","Esselen alone","5816","5816",0,0
"1786","Ewiiaapaayp Band of Kumeyaay Indians alone","5775","5775",0,0
"1787","Federated Indians of Graton Rancheria alone","6125","6125",0,0
"1788","Fernandeno Tataviam Band of Mission Indians alone","5818","5818",0,0
"1789","Flandreau Santee Sioux Tribe of South Dakota alone","6300","6300",0,0
"1790","Fond du Lac Band alone","5653","5653",0,0
"1791","Forest County Potawatomi Community, Wisconsin alone","6154","6154",0,0
"1792","Fort Belknap Indian Community of the Fort Belknap Reservation alone","5820","5820",0,0
"1793","Fort Bidwell Indian Community alone","6048","6048",0,0
"1794","Fort Independence Indian Community alone","6049","6049",0,0
"1795","Fort McDermitt Paiute and Shoshone Tribes of Nevada and Oregon alone","6069","6069",0,0
"1796","Fort McDowell Yavapai Nation alone","5827","5827",0,0
"1797","Fort Mojave Indian Tribe of Arizona, California, and Nevada alone","6446","6446",0,0
"1798","Fort Sill Apache Tribe of Oklahoma alone","5516","5516",0,0
"1799","Four Winds Cherokee alone","5608","5608",0,0
"1800","Gabrieleno alone","5829","5829",0,0
"1801","Georgetown alone","5791","5791",0,0
"1802","Georgia Eastern Cherokee alone","5609","5609",0,0
"1803","Gila River Indian Community of the Gila River Indian Reservation alone","6103","6103",0,0
"1804","Golden Hill Paugussett alone","5792","5792",0,0
"1805","Grand Portage Band alone","5654","5654",0,0
"1806","Grand River Band of Ottawa Indians alone","6034","6034",0,0
"1807","Grand Traverse Band of Ottawa and Chippewa Indians alone","5655","5655",0,0
"1808","Greenville Rancheria alone","5929","5929",0,0
"1809","Grindstone Indian Rancheria of Wintun-Wailaki Indians alone","6412","6412",0,0
"1810","Gros Ventres alone","5833","5833",0,0
"1811","Guidiville Rancheria of California alone","6126","6126",0,0
"1812","Guilford Native American Association alone","5838","5838",0,0
"1813","Habematolel Pomo of Upper Lake alone","6127","6127",0,0
"1814","Haliwa-Saponi Indian Tribe alone","5840","5840",0,0
"1815","Hannahville Potawatomi Indian Tribe, Michigan alone","6155","6155",0,0
"1816","Hassanamisco Band of the Nipmuc Nation alone","6005","6005",0,0
"1817","Havasupai Tribe of the Havasupai Reservation alone","6447","6447",0,0
"1818","Herring Pond Wampanoag Tribe alone","6374","6374",0,0
"1819","Ho-Chunk Nation alone","5842","5842",0,0
"1820","Hoh Indian Tribe alone","5593","5593",0,0
"1821","Hoopa Extension alone","5849","5849",0,0
"1822","Hoopa Valley Tribe alone","5844","5844",0,0
"1823","Hopi Tribe of Arizona alone","5851","5851",0,0
"1824","Hopland Band of Pomo Indians alone","6128","6128",0,0
"1825","Houlton Band of Maliseet Indians alone","5939","5939",0,0
"1826","Hualapai Indian Tribe of the Hualapai Indian Reservation alone","6448","6448",0,0
"1827","Iipay Nation of Santa Ysabel alone","5776","5776",0,0
"1828","Illinois Miami alone","5953","5953",0,0
"1829","Inaja Band of Diegueno Mission Indians of the Inaja and Cosmit Reservation alone","5777","5777",0,0
"1830","Indian Township alone","6080","6080",0,0
"1831","Indiana Miami alone","5954","5954",0,0
"1832","Ione Band of Miwok Indians alone","5972","5972",0,0
"1833","Iowa (Tribe) alone","5858","5858",0,0
"1834","Iowa Tribe of Kansas and Nebraska alone","5859","5859",0,0
"1835","Iowa Tribe of Oklahoma alone","5860","5860",0,0
"1836","Iroquois alone","5863","5863",0,0
"1837","Jackson Band of Miwuk Indians alone","5973","5973",0,0
"1838","Jamestown S'Klallam Tribe alone","6225","6225",0,0
"1839","Jamul Indian Village alone","5778","5778",0,0
"1840","Jena Band of Choctaw Indians alone","5692","5692",0,0
"1841","Jicarilla Apache Nation alone","5517","5517",0,0
"1842","Juaneno (Acjachemem) alone","5878","5878",0,0
"1843","Kaibab Band of Paiute Indians of the Kaibab Indian Reservation alone","6050","6050",0,0
"1844","Kalapuya alone","6016","6016",0,0
"1845","Kalispel Indian Community alone","5880","5880",0,0
"1846","Karuk Tribe alone","5882","5882",0,0
"1847","Kashia Band of Pomo Indians of the Stewarts Point Rancheria alone","6129","6129",0,0
"1848","Kathlamet alone","5642","5642",0,0
"1849","Kaw Nation alone","5884","5884",0,0
"1850","Kern Valley Indian Community alone","5572","5572",0,0
"1851","Kewa Pueblo, New Mexico alone","6180","6180",0,0
"1852","Keweenaw Bay Indian Community alone","5656","5656",0,0
"1853","Kialegee Tribal Town alone","5739","5739",0,0
"1854","Kickapoo alone","5886","5886",0,0
"1855","Kickapoo Traditional Tribe of Texas alone","5887","5887",0,0
"1856","Kickapoo Tribe of Indians of the Kickapoo Reservation in Kansas alone","5888","5888",0,0
"1857","Kickapoo Tribe of Oklahoma alone","5889","5889",0,0
"1858","Kikiallus alone","6191","6191",0,0
"1859","Kiowa alone","5891","5891",0,0
"1860","Kiowa Indian Tribe of Oklahoma alone","5892","5892",0,0
"1861","Klallam alone","6224","6224",0,0
"1862","Klamath Tribes alone","5896","5896",0,0
"1863","Kletsel Dehe Band of Wintun Indians alone","6409","6409",0,0
"1864","Koasek (Cowasuck) Traditional Band of the Sovereign Abenaki Nation alone","5507","5507",0,0
"1865","Koi Nation of Northern California alone","6130","6130",0,0
"1866","Konkow alone","5898","5898",0,0
"1867","Kootenai Tribe of Idaho alone","5900","5900",0,0
"1868","Kumeyaay (Diegueno) alone","5771","5771",0,0
"1869","La Jolla Band of Luiseno Indians, California alone","5913","5913",0,0
"1870","La Posta Band of Diegueno Mission Indians alone","5779","5779",0,0
"1871","Lac Courte Oreilles Band of Lake Superior Chippewa alone","5657","5657",0,0
"1872","Lac du Flambeau Band of Lake Superior Chippewa Indians alone","5658","5658",0,0
"1873","Lac Vieux Desert Band of Lake Superior Chippewa Indians alone","5659","5659",0,0
"1874","Lake Superior Chippewa alone","5660","5660",0,0
"1875","Las Vegas Tribe of Paiute Indians of the Las Vegas Indian Colony alone","6051","6051",0,0
"1876","Lassik alone","5905","5905",0,0
"1877","Leech Lake Band alone","5661","5661",0,0
"1878","Lemhi-Shoshone alone","5823","5823",0,0
"1879","Lipan Apache alone","5518","5518",0,0
"1880","Little River Band of Ottawa Indians of Michigan alone","6035","6035",0,0
"1881","Little Shell Tribe of Chippewa Indians of Montana alone","5662","5662",0,0
"1882","Little Traverse Bay Bands of Odawa Indians alone","6036","6036",0,0
"1883","Lone Pine Paiute-Shoshone Tribe alone","6070","6070",0,0
"1884","Los Coyotes Band of Cahuilla and Cupeno Indians alone","5560","5560",0,0
"1885","Louisiana Choctaw Tribe alone","5693","5693",0,0
"1886","Lovelock Paiute Tribe of the Lovelock Indian Colony, Nevada alone","6052","6052",0,0
"1887","Lower Brule Sioux Tribe of the Lower Brule Reservation, South Dakota alone","6301","6301",0,0
"1888","Lower Elwha Tribal Community alone","6226","6226",0,0
"1889","Lower Muscogee Creek Tribe alone","5741","5741",0,0
"1890","Lower Sioux Indian Community in the State of Minnesota alone","6302","6302",0,0
"1891","Lower Skagit alone","6192","6192",0,0
"1892","Luiseno alone","5912","5912",0,0
"1893","Lumbee Tribe of North Carolina alone","5922","5922",0,0
"1894","Lummi Tribe alone","5924","5924",0,0
"1895","Lytton Rancheria of California alone","6131","6131",0,0
"1896","Ma-Chis Lower Creek Indian Tribe of Alabama alone","5742","5742",0,0
"1897","Maidu alone","5926","5926",0,0
"1898","Makah Indian Tribe alone","5936","5936",0,0
"1899","Malheur Paiute alone","6053","6053",0,0
"1900","Maliseet alone","5938","5938",0,0
"1901","Manchester Band of Pomo Indians of the Manchester Rancheria, California alone","6132","6132",0,0
"1902","Manzanita Band of Diegueno Mission Indians alone","5780","5780",0,0
"1903","Maricopa alone","6104","6104",0,0
"1904","Marietta Band of Nooksack alone","6193","6193",0,0
"1905","Mashantucket Pequot Indian Tribe alone","6099","6099",0,0
"1906","Mashpee Wampanoag Tribe alone","6375","6375",0,0
"1907","Match-e-be-nash-she-wish Band of Pottawatomi Indians alone","6156","6156",0,0
"1908","Matinecock alone","5907","5907",0,0
"1909","Mattaponi Indian Tribe alone","5943","5943",0,0
"1910","Mdewakanton Sioux alone","6303","6303",0,0
"1911","Mechoopda Indian Tribe of Chico Rancheria alone","5930","5930",0,0
"1912","Meherrin Indian Tribe alone","5793","5793",0,0
"1913","Menominee Indian Tribe alone","5948","5948",0,0
"1914","Mesa Grande Band of Diegueno Mission Indians alone","5781","5781",0,0
"1915","Mescalero Apache Tribe of the Mescalero Reservation, New Mexico alone","5519","5519",0,0
"1916","Metrolina Native American Association alone","5950","5950",0,0
"1917","Miami (Tribe) alone","5952","5952",0,0
"1918","Miami Tribe of Oklahoma alone","5955","5955",0,0
"1919","Miccosukee Tribe of Indians of Florida alone","5957","5957",0,0
"1920","Micmac alone","5959","5959",0,0
"1921","Middletown Rancheria of Pomo Indians alone","6133","6133",0,0
"1922","Mille Lacs Band alone","5663","5663",0,0
"1923","Minnesota Chippewa alone","5664","5664",0,0
"1924","Mission Indians alone","5964","5964",0,0
"1925","Mississippi Band of Choctaw Indians alone","5694","5694",0,0
"1926","Miwok/Me-Wuk alone","5969","5969",0,0
"1927","Moapa Band of Paiute Indians of the Moapa River Indian Reservation, Nevada alone","6054","6054",0,0
"1928","Modoc alone","5979","5979",0,0
"1929","The Modoc Tribe of Oklahoma alone","5980","5980",0,0
"1930","Mohawk alone","5865","5865",0,0
"1931","Mohegan Tribe of Indians of Connecticut alone","5984","5984",0,0
"1932","Molalla alone","6017","6017",0,0
"1933","Monacan Indian Nation alone","5986","5986",0,0
"1934","Mono alone","5988","5988",0,0
"1935","Montauk alone","5908","5908",0,0
"1936","Moor Indian alone","5794","5794",0,0
"1937","Mooretown Rancheria of Maidu Indians alone","5931","5931",0,0
"1938","Morongo Band of Mission Indians, California alone","5561","5561",0,0
"1939","Mountain Maidu alone","5932","5932",0,0
"1940","MOWA Band of Choctaw Indians alone","5695","5695",0,0
"1941","Muckleshoot Indian Tribe alone","6194","6194",0,0
"1942","Munsee alone","5765","5765",0,0
"1943","The Muscogee (Creek) Nation alone","5735","5735",0,0
"1944","Nansemond Indian Nation alone","5795","5795",0,0
"1945","Nanticoke alone","5993","5993",0,0
"1946","Nanticoke Lenni-Lenape alone","5995","5995",0,0
"1947","Narragansett Indian Tribe alone","5997","5997",0,0
"1948","Natchitoches Tribe of Louisiana alone","5554","5554",0,0
"1949","Nausu Waiwash alone","5797","5797",0,0
"1950","Navajo Nation alone","5999","5999",0,0
"1951","New Jersey Sand Hill Band of Indians, Inc alone","5766","5766",0,0
"1952","Nez Perce Tribe alone","6001","6001",0,0
"1953","Nipmuc alone","6003","6003",0,0
"1954","Nisenen (Nishinam) alone","5933","5933",0,0
"1955","Nisqually Indian Tribe alone","6195","6195",0,0
"1956","Nomlaki alone","6008","6008",0,0
"1957","Nooksack Indian Tribe alone","6196","6196",0,0
"1958","North Fork Rancheria of Mono Indians alone","5991","5991",0,0
"1959","Northern Arapaho Tribe alone","5526","5526",0,0
"1960","Northern Cherokee Nation of Missouri and Arkansas alone","5610","5610",0,0
"1961","Northern Cheyenne Tribe of the Northern Cheyenne Reservation, Montana alone","5620","5620",0,0
"1962","Northern Paiute alone","6055","6055",0,0
"1963","Northern Pomo alone","6134","6134",0,0
"1964","Northwestern Band of the Shoshone Nation alone","6289","6289",0,0
"1965","Nottawaseppi Huron Band of the Potawatomi, Michigan alone","6157","6157",0,0
"1966","Nottoway Indian Tribe of Virginia alone","5798","5798",0,0
"1967","Nulhegan Band of the Coosuk Abenaki Nation alone","5508","5508",0,0
"1968","Occaneechi Band of the Saponi Nation alone","6241","6241",0,0
"1969","Oglala Sioux Tribe alone","6304","6304",0,0
"1970","Ohkay Owingeh, New Mexico alone","6165","6165",0,0
"1971","Omaha Tribe of Nebraska alone","6023","6023",0,0
"1972","Oneida alone","5866","5866",0,0
"1973","Oneida Indian Nation alone","5867","5867",0,0
"1974","Oneida Nation alone","6025","6025",0,0
"1975","Onondaga Nation alone","5868","5868",0,0
"1976","Oregon Athabascan alone","6027","6027",0,0
"1977","The Osage Nation alone","6029","6029",0,0
"1978","Otoe-Missouria Tribe of Indians alone","6031","6031",0,0
"1979","Ottawa alone","6033","6033",0,0
"1980","Ottawa Tribe of Oklahoma alone","6037","6037",0,0
"1981","Paiute alone","6043","6043",0,0
"1982","Paiute Indian Tribe of Utah (Southern Paiute) alone","6056","6056",0,0
"1983","Paiute-Shoshone Tribe of the Fallon Reservation and Colony, Nevada alone","6071","6071",0,0
"1984","Pala Band of Mission Indians alone","5914","5914",0,0
"1985","Pamunkey Indian Tribe alone","6078","6078",0,0
"1986","Pascua Yaqui Tribe of Arizona alone","6424","6424",0,0
"1987","Paskenta Band of Nomlaki Indians alone","6009","6009",0,0
"1988","Passamaquoddy Tribe alone","6081","6081",0,0
"1989","Patawomeck Indian Tribe of Virginia alone","5799","5799",0,0
"1990","Paucatuck Eastern Pequot alone","6100","6100",0,0
"1991","Pauma Band of Luiseno Mission Indians alone","5915","5915",0,0
"1992","Pawnee alone","6085","6085",0,0
"1993","Pawnee Nation of Oklahoma alone","6086","6086",0,0
"1994","Pechanga Band of Luiseno Mission Indians alone","5916","5916",0,0
"1995","Pee Dee Indian Nation of Upper South Carolina alone","5800","5800",0,0
"1996","Pee Dee Indian Tribe of South Carolina alone","5801","5801",0,0
"1997","Penobscot Nation alone","6090","6090",0,0
"1998","Peoria Tribe of Indians of Oklahoma alone","6093","6093",0,0
"1999","Pequot alone","6097","6097",0,0
"2000","Picayune Rancheria of Chukchansi Indians alone","6431","6431",0,0
"2001","Piedmont American Indian Association-Lower Eastern Cherokee Nation SC (PAIA) alone","5611","5611",0,0
"2002","Pima alone","6102","6102",0,0
"2003","Pinoleville Pomo Nation alone","6135","6135",0,0
"2004","Pipestone Sioux alone","6305","6305",0,0
"2005","Piqua Shawnee Tribe alone","6273","6273",0,0
"2006","Piro Manso Tiwa Tribe alone","6166","6166",0,0
"2007","Piscataway alone","6107","6107",0,0
"2008","Piscataway Conoy Tribe alone","6108","6108",0,0
"2009","Piscataway Indian Nation alone","6109","6109",0,0
"2010","Pit River Tribe of California alone","6113","6113",0,0
"2011","Pleasant Point Passamaquoddy alone","6082","6082",0,0
"2012","Poarch Band of Creeks alone","5744","5744",0,0
"2013","Pocasset Wampanoag alone","6376","6376",0,0
"2014","Pocomoke Acohonock alone","5802","5802",0,0
"2015","Pointe Au-Chien Indian Tribe alone","5685","5685",0,0
"2016","Pokagon Band of Potawatomi Indians alone","6158","6158",0,0
"2017","Pokanoket (Royal House of Pokanoket) alone","6377","6377",0,0
"2018","Pomo alone","6117","6117",0,0
"2019","Ponca alone","6147","6147",0,0
"2020","Ponca Tribe of Indians of Oklahoma alone","6148","6148",0,0
"2021","Ponca Tribe of Nebraska alone","6149","6149",0,0
"2022","Ponkapoag alone","6378","6378",0,0
"2023","Poospatuck alone","5909","5909",0,0
"2024","Port Gamble S'Klallam Tribe alone","6227","6227",0,0
"2025","Potawatomi alone","6152","6152",0,0
"2026","Potter Valley Tribe alone","6136","6136",0,0
"2027","Powhatan alone","6162","6162",0,0
"2028","Prairie Band Potawatomi Nation alone","6159","6159",0,0
"2029","Prairie Island Indian Community alone","6306","6306",0,0
"2030","Principal Creek Indian Nation alone","5745","5745",0,0
"2031","Pueblo alone","6164","6164",0,0
"2032","Pueblo of Acoma alone","6167","6167",0,0
"2033","Pueblo of Cochiti alone","6168","6168",0,0
"2034","Pueblo of Isleta alone","6169","6169",0,0
"2035","Pueblo of Jemez alone","6170","6170",0,0
"2036","Pueblo of Laguna alone","6171","6171",0,0
"2037","Pueblo of Nambe alone","6172","6172",0,0
"2038","Pueblo of Picuris alone","6173","6173",0,0
"2039","Pueblo of Pojoaque alone","6174","6174",0,0
"2040","Pueblo of San Felipe alone","6175","6175",0,0
"2041","Pueblo of San Ildefonso alone","6176","6176",0,0
"2042","Pueblo of Sandia alone","6177","6177",0,0
"2043","Pueblo of Santa Ana alone","6178","6178",0,0
"2044","Pueblo of Santa Clara alone","6179","6179",0,0
"2045","Pueblo of Taos alone","6181","6181",0,0
"2046","Pueblo of Tesuque alone","6182","6182",0,0
"2047","Pueblo of Zia alone","6183","6183",0,0
"2048","Puget Sound Salish alone","6189","6189",0,0
"2049","Puyallup Tribe of The Puyallup Reservation alone","6197","6197",0,0
"2050","Pyramid Lake Paiute Tribe of the Pyramid Lake Reservation, Nevada alone","6057","6057",0,0
"2051","Quapaw Nation alone","6214","6214",0,0
"2052","Quartz Valley Indian Reservation alone","6265","6265",0,0
"2053","Quechan Tribe of the Fort Yuma Indian Reservation, California and Arizona alone","6450","6450",0,0
"2054","Quileute Tribe of the Quileute Reservation, Washington alone","5594","5594",0,0
"2055","Quinault Indian Nation alone","6216","6216",0,0
"2056","Ramapough Lenape Nation (Ramapough Mountain) alone","5767","5767",0,0
"2057","Ramona Band of Cahuilla, California alone","5562","5562",0,0
"2058","Rappahannock Tribe, Inc. alone","6218","6218",0,0
"2059","Red Cliff Band of Lake Superior Chippewa alone","5665","5665",0,0
"2060","Red Lake Band of Chippewa Indians alone","5666","5666",0,0
"2061","Red Wood alone","5574","5574",0,0
"2062","Redding Rancheria, California alone","5575","5575",0,0
"2063","Redwood Valley or Little River Band of Pomo Indians of the Redwood Valley Rancheria California alone","6137","6137",0,0
"2064","Reno-Sparks Indian Colony, Nevada alone","6220","6220",0,0
"2065","Resighini Rancheria alone","6456","6456",0,0
"2066","Rincon Band of Luiseno Mission Indians alone","5917","5917",0,0
"2067","Robinson Rancheria alone","6138","6138",0,0
"2068","Rosebud Sioux Tribe of the Rosebud Indian Reservation, South Dakota alone","6307","6307",0,0
"2069","Round Valley Indian Tribes alone","6222","6222",0,0
"2070","Sac and Fox alone","6229","6229",0,0
"2071","Sac and Fox Nation of Missouri in Kansas and Nebraska alone","6230","6230",0,0
"2072","Sac and Fox Nation, Oklahoma alone","6231","6231",0,0
"2073","Sac and Fox Tribe of the Mississippi in Iowa alone","6232","6232",0,0
"2074","Sac River Band of the Chickamauga-Cherokee alone","5612","5612",0,0
"2075","Saginaw Chippewa Indian Tribe alone","5667","5667",0,0
"2076","Saint Regis Mohawk Tribe alone","5869","5869",0,0
"2077","Salinan alone","6234","6234",0,0
"2078","Salish alone","6236","6236",0,0
"2079","Salt River Pima-Maricopa Indian Community alone","6105","6105",0,0
"2080","Samish Indian Nation alone","6198","6198",0,0
"2081","San Carlos Apache Tribe of the San Carlos Reservation alone","5520","5520",0,0
"2082","San Juan alone","6184","6184",0,0
"2083","San Juan Southern Paiute Tribe of Arizona alone","6058","6058",0,0
"2084","San Luis Rey Mission Indian alone","5702","5702",0,0
"2085","San Manuel Band of Mission Indians, California alone","6260","6260",0,0
"2086","San Pasqual Band of Diegueno Mission Indians alone","5782","5782",0,0
"2087","Santa Rosa Band of Cahuilla Indians alone","5563","5563",0,0
"2088","Santa Rosa Indian Community alone","5576","5576",0,0
"2089","Santa Ynez Band of Chumash Mission Indians alone","5703","5703",0,0
"2090","Santee Indian Nation of South Carolina alone","5803","5803",0,0
"2091","Santee Indian Organization alone","5804","5804",0,0
"2092","Santee Sioux Nation, Nebraska alone","6308","6308",0,0
"2093","Saponi alone","6240","6240",0,0
"2094","Sappony alone","6245","6245",0,0
"2095","Sauk-Suiattle Indian Tribe alone","6199","6199",0,0
"2096","Sault Ste. Marie Tribe of Chippewa Indians alone","5668","5668",0,0
"2097","Schaghticoke alone","6247","6247",0,0
"2098","Scotts Valley Band of Pomo Indians of California alone","6139","6139",0,0
"2099","Seaconke Wampanoag alone","6379","6379",0,0
"2100","Seminole alone","6249","6249",0,0
"2101","The Seminole Nation of Oklahoma alone","6251","6251",0,0
"2102","Seminole Tribe of Florida alone","6250","6250",0,0
"2103","Seneca Nation of Indians alone","5870","5870",0,0
"2104","Seneca-Cayuga Nation alone","5872","5872",0,0
"2105","Serrano alone","6259","6259",0,0
"2106","Setalcott Indians alone","5910","5910",0,0
"2107","Shakopee Mdewakanton Sioux Community of Minnesota alone","6309","6309",0,0
"2108","Shasta alone","6264","6264",0,0
"2109","Shawnee alone","6269","6269",0,0
"2110","Shawnee Nation United Remnant Band alone","6274","6274",0,0
"2111","Shawnee Tribe alone","6275","6275",0,0
"2112","Sherwood Valley Rancheria of Pomo Indians of California alone","6140","6140",0,0
"2113","Shingle Springs Band of Miwok Indians alone","5974","5974",0,0
"2114","Shinnecock Indian Nation alone","6279","6279",0,0
"2115","Shoalwater Bay Indian Tribe of the Shoalwater Bay Indian Reservation alone","6281","6281",0,0
"2116","Shoshone alone","6283","6283",0,0
"2117","Shoshone Paiute alone","6068","6068",0,0
"2118","Shoshone-Bannock Tribes of the Fort Hall Reservation alone","5824","5824",0,0
"2119","Shoshone-Paiute Tribes of the Duck Valley Reservation alone","6073","6073",0,0
"2120","Sioux alone","6295","6295",0,0
"2121","Sisseton-Wahpeton Oyate of the Lake Traverse Reservation, South Dakota alone","6310","6310",0,0
"2122","Siuslaw alone","6320","6320",0,0
"2123","Skokomish Indian Tribe alone","6200","6200",0,0
"2124","Skull Valley Band of Goshute Indians of Utah alone","6290","6290",0,0
"2125","Skykomish alone","6201","6201",0,0
"2126","Snohomish alone","6202","6202",0,0
"2127","Snoqualmie Indian Tribe alone","6203","6203",0,0
"2128","Soboba Band of Luiseno Indians alone","5918","5918",0,0
"2129","Sokaogon Chippewa Community alone","5669","5669",0,0
"2130","Southeastern Cherokee Council alone","5613","5613",0,0
"2131","Southeastern Indians alone","5805","5805",0,0
"2132","Southern Arapaho alone","5527","5527",0,0
"2133","Southern Cheyenne alone","5621","5621",0,0
"2134","Southern Ute Indian Tribe of the Southern Ute Reservation alone","6363","6363",0,0
"2135","Spirit Lake Tribe alone","6311","6311",0,0
"2136","Spokane Tribe of the Spokane Reservation alone","6322","6322",0,0
"2137","Squaxin Island Tribe of the Squaxin Island Reservation, Washington alone","6204","6204",0,0
"2138","St. Croix Chippewa Indians of Wisconsin alone","5670","5670",0,0
"2139","Standing Rock Sioux Tribe of North and South Dakota alone","6312","6312",0,0
"2140","Steilacoom alone","6205","6205",0,0
"2141","Stillaguamish Tribes of Indians of Washington alone","6206","6206",0,0
"2142","Stockbridge-Munsee Community alone","6324","6324",0,0
"2143","Stonyford alone","6141","6141",0,0
"2144","Summit Lake Paiute Tribe of Nevada alone","6059","6059",0,0
"2145","The Suquamish Tribe alone","6208","6208",0,0
"2146","Susanville Indian Rancheria, California alone","6060","6060",0,0
"2147","Susquehanock alone","5806","5806",0,0
"2148","Swan Creek Black River Confederate Tribe alone","5671","5671",0,0
"2149","Swinomish Indian Tribal Community alone","6207","6207",0,0
"2150","Sycuan Band of the Kumeyaay Nation alone","5783","5783",0,0
"2151","Table Mountain Rancheria alone","6432","6432",0,0
"2152","Tachi alone","6433","6433",0,0
"2153","Takelma alone","5577","5577",0,0
"2154","Talakamish alone","6018","6018",0,0
"2155","Tejon Indian Tribe alone","6434","6434",0,0
"2156","Temecula alone","5919","5919",0,0
"2157","Te-Moak Tribes of Western Shoshone Indians of Nevada alone","6326","6326",0,0
"2158","Tenino alone","6019","6019",0,0
"2159","Teton Sioux alone","6313","6313",0,0
"2160","The Southeastern Mvskoke Nation, Inc. alone","5740","5740",0,0
"2161","The Waccamaw Indian People alone","5807","5807",0,0
"2162","Thlopthlocco Tribal Town alone","5746","5746",0,0
"2164","Arikara (Sahnish) alone","6336","6336",0,0
"2165","Hidatsa alone","6337","6337",0,0
"2166","Mandan alone","6338","6338",0,0
"2167","Three Affiliated Tribes of the Ft. Berthold Reservation, North Dakota alone","6339:6340","6339",2,0
"2168","Tillamook alone","6020","6020",0,0
"2169","Timbisha Shoshone Tribe alone","6285","6285",0,0
"2170","Tohono O'odham Nation of Arizona alone","6341","6341",0,0
"2171","Tolowa alone","6346","6346",0,0
"2172","Tolowa Dee-ni' Nation alone","6349","6349",0,0
"2173","Tonawanda Band of Seneca alone","5873","5873",0,0
"2174","Tonkawa Tribe of Indians of Oklahoma alone","6351","6351",0,0
"2175","Tonto Apache Tribe of Arizona alone","5521","5521",0,0
"2176","Torres Martinez Desert Cahuilla Indians alone","5564","5564",0,0
"2177","Trinity alone","5845","5845",0,0
"2178","Tuckabachee alone","5747","5747",0,0
"2179","Tulalip Tribes of Washington alone","6209","6209",0,0
"2180","Tule River Indian Tribe alone","6435","6435",0,0
"2181","Tunica Biloxi Indian Tribe of Louisiana alone","5808","5808",0,0
"2182","Tuolumne Band of Me-Wuk Indians of California alone","5975","5975",0,0
"2183","Turtle Mountain Band of Chippewa Indians of North Dakota alone","5672","5672",0,0
"2184","Tuscarora Nation alone","5874","5874",0,0
"2185","Tuscola alone","5614","5614",0,0
"2186","Twenty-Nine Palms Band of Luiseno Mission Indians alone","5920","5920",0,0
"2187","Tygh alone","6353","6353",0,0
"2188","Umpqua alone","6357","6357",0,0
"2189","United Auburn Indian Community of the Auburn Rancheria of California alone","5934","5934",0,0
"2190","United Cherokee Ani-Yun-Wiya Nation alone","5615","5615",0,0
"2191","United Houma Nation alone","5856","5856",0,0
"2192","United Keetoowah Band of Cherokee Indians in Oklahoma alone","5616","5616",0,0
"2193","Upper Chinook alone","5643","5643",0,0
"2194","Upper Mattaponi Tribe alone","5944","5944",0,0
"2195","Upper Sioux Community alone","6314","6314",0,0
"2196","Upper Skagit Indian Tribe alone","6210","6210",0,0
"2197","Ute alone","6362","6362",0,0
"2198","Ute Indian Tribe of the Uintah and Ouray Reservation, Utah alone","6364","6364",0,0
"2199","Ute Mountain Ute Tribe alone","6365","6365",0,0
"2200","Utu Utu Gwaitu Paiute Tribe of the Benton Paiute Reservation, California alone","6061","6061",0,0
"2201","Viejas (Baron Long) Group of Capitan Grande Band alone","5784","5784",0,0
"2202","Waccamaw Siouan Indian Tribe alone","5809","5809",0,0
"2203","Wahpekute Sioux alone","6315","6315",0,0
"2204","Wailaki alone","6367","6367",0,0
"2205","Wakiakum Chinook alone","5644","5644",0,0
"2206","Walker River Paiute Tribe of the Walker River Reservation, Nevada alone","6062","6062",0,0
"2207","Walla Walla alone","6369","6369",0,0
"2208","Wampanoag alone","6371","6371",0,0
"2209","Wampanoag Tribe of Gay Head (Aquinnah) alone","6380","6380",0,0
"2210","Wappo alone","5578","5578",0,0
"2211","Wasco alone","6388","6388",0,0
"2212","Washoe Tribe of Nevada and California alone","6391","6391",0,0
"2213","Wassamasaw Tribe of Varnertown Indians alone","5810","5810",0,0
"2214","Wazhaza Sioux alone","6316","6316",0,0
"2215","Wenatchee alone","6021","6021",0,0
"2216","Whilkut alone","5846","5846",0,0
"2217","White Earth Band alone","5673","5673",0,0
"2218","White Mountain Apache Tribe of the Fort Apache Reservation, Arizona alone","5522","5522",0,0
"2219","White River Band of the Chickamauga-Cherokee alone","5617","5617",0,0
"2220","Wichita and Affiliated Tribes, Oklahoma alone","6395","6395",0,0
"2221","Wicomico alone","5811","5811",0,0
"2222","Willapa Chinook alone","5645","5645",0,0
"2223","Wilton Rancheria alone","5976","5976",0,0
"2224","Wind River alone","6400","6400",0,0
"2225","Winnebago alone","6402","6402",0,0
"2226","Winnebago Tribe of Nebraska alone","6403","6403",0,0
"2227","Winnemucca Indian Colony of Nevada alone","6063","6063",0,0
"2228","Wintun alone","6407","6407",0,0
"2229","Wishram alone","5646","5646",0,0
"2230","Wiyot Tribe, California alone","6415","6415",0,0
"2231","Wyandotte Nation alone","5875","5875",0,0
"2232","Yakama Cowlitz alone","6421","6421",0,0
"2233","Yana alone","5579","5579",0,0
"2234","Yankton Sioux Tribe of South Dakota alone","6317","6317",0,0
"2235","Yanktonai Sioux alone","6318","6318",0,0
"2236","Yaqui alone","6423","6423",0,0
"2237","Yavapai Apache Nation of the Camp Verde Indian Reservation alone","6428","6428",0,0
"2238","Yavapai-Prescott Tribe of the Yavapai Reservation alone","6451","6451",0,0
"2239","Yerington Paiute Tribe of the Yerington Colony and Campbell Ranch, Nevada alone","6065","6065",0,0
"2240","Yocha Dehe Wintun Nation, California alone","6410","6410",0,0
"2241","Yokuts alone","6430","6430",0,0
"2242","Yomba Shoshone Tribe of the Yomba Reservation, Nevada alone","6291","6291",0,0
"2243","Ysleta del Sur Pueblo of Texas alone","6185","6185",0,0
"2244","Yuchi alone","6440","6440",0,0
"2245","Yuki alone","5580","5580",0,0
"2246","Yurok Tribe alone","6455","6455",0,0
"2247","Zuni Tribe of the Zuni Reservation alone","6186","6186",0,0
"2248","Tribal responses alone, not elsewhere classified","5509, 5511, 5513, 5523, 5528, 5530, 5532:5535, 5537:5540, 5542:5545, 5547:5550, 5555, 5565, 5571, 5573, 5581:5585, 5587, 5589, 5591, 5595:5596, 5598, 5618, 5622:5623, 5625:5628, 5631:5633, 5636:5638, 5647:5648, 5674:5678, 5680:5683, 5686:5688, 5696:5698, 5700,5704:5705, 5707, 5709, 5711, 5713, 5715, 5717, 5719, 5721, 5723, 5725, 5729:5730, 5732, 5734, 5748:5749, 5751, 5753, 5755, 5758:5760, 5768:5770, 5785, 5812:5815, 5817, 5819, 5821, 5825:5826, 5828, 5830, 5832, 5835:5837, 5839, 5841, 5843, 5847:5848, 5850, 5852:5855, 5857, 5861:5862, 5871, 5876:5877, 5879, 5881, 5883, 5885, 5890, 5893:5895, 5897, 5899, 5901:5904, 5906, 5911, 5921, 5923, 5925, 5935, 5937, 5940:5942, 5945:5947, 5949, 5951, 5956, 5958, 5961:5963, 5966:5968, 5977:5978, 5981:5983, 5985, 5987, 5992, 5994, 5996, 5998, 6000, 6002, 6006:6007, 6010:6012, 6022, 6024, 6026, 6028, 6030, 6032, 6038:6042, 6064, 6066:6067, 6074:6077, 6079, 6083:6084, 6087:6089, 6091, 6092, 6094:6096, 6101, 6106, 6110:6111, 6114:6116, 6142:6146, 6150:6151, 6160:6161, 6163, 6187:6188, 6211:6213, 6215, 6217, 6219, 6221, 6223, 6228, 6233, 6235, 6237, 6239, 6242:6244, 6246, 6248, 6252:6258, 6261:6263, 6266:6268, 6276:6278, 6280, 6282, 6292, 6294, 6299, 6319, 6321, 6323, 6325, 6327:6335, 6342:6345, 6350, 6352, 6354, 6356, 6359:6361, 6366, 6368, 6370, 6381:6385, 6387, 6389, 6392:6394, 6396:6399, 6401, 6404:6406, 6411, 6413, 6416:6418, 6420, 6422, 6425:6427, 6429, 6436:6439, 6442:6444, 6449, 6452:6454, 6457:6459, 6460:6499","5509, 5511, 5513, 5523, 5528, 5530, 5532:5535, 5537:5540, 5542:5545, 5547:5550, 5555, 5565, 5571, 5573, 5581:5585, 5587, 5589, 5591, 5595:5596, 5598, 5618, 5622:5623, 5625:5628, 5631:5633, 5636:5638, 5647:5648, 5674:5678, 5680:5683, 5686:5688, 5696:5698, 5700,5704:5705, 5707, 5709, 5711, 5713, 5715, 5717, 5719, 5721, 5723, 5725, 5729:5730, 5732, 5734, 5748:5749, 5751, 5753, 5755, 5758:5760, 5768:5770, 5785, 5812:5815, 5817, 5819, 5821, 5825:5826, 5828, 5830, 5832, 5835:5837, 5839, 5841, 5843, 5847:5848, 5850, 5852:5855, 5857, 5861:5862, 5871, 5876:5877, 5879, 5881, 5883, 5885, 5890, 5893:5895, 5897, 5899, 5901:5904, 5906, 5911, 5921, 5923, 5925, 5935, 5937, 5940:5942, 5945:5947, 5949, 5951, 5956, 5958, 5961:5963, 5966:5968, 5977:5978, 5981:5983, 5985, 5987, 5992, 5994, 5996, 5998, 6000, 6002, 6006:6007, 6010:6012, 6022, 6024, 6026, 6028, 6030, 6032, 6038:6042, 6064, 6066:6067, 6074:6077, 6079, 6083:6084, 6087:6089, 6091, 6092, 6094:6096, 6101, 6106, 6110:6111, 6114:6116, 6142:6146, 6150:6151, 6160:6161, 6163, 6187:6188, 6211:6213, 6215, 6217, 6219, 6221, 6223, 6228, 6233, 6235, 6237, 6239, 6242:6244, 6246, 6248, 6252:6258, 6261:6263, 6266:6268, 6276:6278, 6280, 6282, 6292, 6294, 6299, 6319, 6321, 6323, 6325, 6327:6335, 6342:6345, 6350, 6352, 6354, 6356, 6359:6361, 6366, 6368, 6370, 6381:6385, 6387, 6389, 6392:6394, 6396:6399, 6401, 6404:6406, 6411, 6413, 6416:6418, 6420, 6422, 6425:6427, 6429, 6436:6439, 6442:6444, 6449, 6452:6454, 6457:6459, 6460:6499",1,0
"2560","American Indian and Alaska Native alone, not specified","5000:5009","5000,5001",1,0
"2562","Alaska Native alone or in any combination","5010:5499","5010:5499",1,1
"2563","Agdaagux Tribe of King Cove alone or in any combination","5121","5121",0,1
"2564","Ahtna, Inc. Corporation alone or in any combination","5021","5021",0,1
"2565","Akiachak Native Community alone or in any combination","5411","5411",0,1
"2566","Akiak Native Community alone or in any combination","5412","5412",0,1
"2567","Alanvik alone or in any combination","5022","5022",0,1
"2568","Alaskan Athabascan alone or in any combination","5020","5020",0,1
"2569","Alatna Village alone or in any combination","5023","5023",0,1
"2570","Aleut alone or in any combination","5120","5120",0,1
"2571","Aleut Corporation alone or in any combination","5122","5122",0,1
"2572","Alexander alone or in any combination","5024","5024",0,1
"2573","Algaaciq Native Village (St. Mary's) alone or in any combination","5413","5413",0,1
"2574","Allakaket Village alone or in any combination","5025","5025",0,1
"2575","Alutiiq alone or in any combination","5123","5123",0,1
"2576","Alutiiq Tribe of Old Harbor alone or in any combination","5173","5173",0,1
"2577","American Eskimo alone or in any combination","5222","5222",0,1
"2578","Angoon Community Association alone or in any combination","5340","5340",0,1
"2579","Anvik Village alone or in any combination","5026","5026",0,1
"2580","Arctic Slope Corporation alone or in any combination","5223","5223",0,1
"2581","Arctic Village alone or in any combination","5027","5027",0,1
"2582","Asa'carsarmiut Tribe alone or in any combination","5414","5414",0,1
"2583","Atqasuk Village (Atkasook) alone or in any combination","5224","5224",0,1
"2584","Beaver Village alone or in any combination","5028","5028",0,1
"2585","Bering Straits Inupiat alone or in any combination","5225","5225",0,1
"2586","Birch Creek Tribe alone or in any combination","5029","5029",0,1
"2587","Bristol Bay alone or in any combination","5415","5415",0,1
"2588","Bristol Bay Aleut alone or in any combination","5124","5124",0,1
"2589","Calista alone or in any combination","5416","5416",0,1
"2590","Central Council of the Tlingit and Haida Indian Tribes alone or in any combination","5321","5321",0,1
"2591","Chalkyitsik Village alone or in any combination","5030","5030",0,1
"2592","Cheesh-Na Tribe (Chistochina) alone or in any combination","5031","5031",0,1
"2593","Chevak Native Village alone or in any combination","5226","5226",0,1
"2594","Chickaloon Native Village alone or in any combination","5032","5032",0,1
"2595","Chignik Bay Tribal Council (Native Village of Chignik) alone or in any combination","5125","5125",0,1
"2596","Chignik Lake Village alone or in any combination","5126","5126",0,1
"2597","Chilkat Indian Village (Klukwan) alone or in any combination","5322","5322",0,1
"2598","Chilkoot Indian Association (Haines) alone or in any combination","5323","5323",0,1
"2599","Chinik Eskimo Community (Golovin) alone or in any combination","5227","5227",0,1
"2600","Chugach Aleut alone or in any combination","5127","5127",0,1
"2601","Chugach Corporation alone or in any combination","5128","5128",0,1
"2602","Chuloonawick Native Village alone or in any combination","5417","5417",0,1
"2603","Circle Native Community alone or in any combination","5033","5033",0,1
"2604","Cook Inlet alone or in any combination","5034","5034",0,1
"2605","Copper River alone or in any combination","5035","5035",0,1
"2606","Craig Tribal Association alone or in any combination","5324","5324",0,1
"2607","Curyung Tribal Council (Native Village of Dillingham) alone or in any combination","5418","5418",0,1
"2608","Douglas Indian Association alone or in any combination","5325","5325",0,1
"2609","Doyon alone or in any combination","5036","5036",0,1
"2610","Egegik Village alone or in any combination","5129","5129",0,1
"2611","Eklutna Native Village alone or in any combination","5037","5037",0,1
"2612","Emmonak Village alone or in any combination","5420","5420",0,1
"2613","Eskimo alone or in any combination","5220","5220",0,1
"2614","Evansville Village (Bettles Field) alone or in any combination","5038","5038",0,1
"2615","Galena Village (Louden Village) alone or in any combination","5039","5039",0,1
"2616","Greenland Inuit alone or in any combination","5228","5228",0,1
"2617","Gulkana Village Council alone or in any combination","5040","5040",0,1
"2618","Haida alone or in any combination","5326","5326",0,1
"2619","Holy Cross Tribe alone or in any combination","5042","5042",0,1
"2620","Hoonah Indian Association alone or in any combination","5327","5327",0,1
"2621","Hughes Village alone or in any combination","5043","5043",0,1
"2622","Hydaburg Cooperative Association alone or in any combination","5328","5328",0,1
"2623","Igiugig Village alone or in any combination","5130","5130",0,1
"2624","Huslia Village alone or in any combination","5044","5044",0,1
"2625","Inuit alone or in any combination","5229","5229",0,1
"2626","Inupiat (Inupiaq) alone or in any combination","5221","5221",0,1
"2627","Inupiat Community of the Arctic Slope alone or in any combination","5230","5230",0,1
"2628","Iqugmuit Traditional Council alone or in any combination","5421","5421",0,1
"2629","Ivanof Bay Village alone or in any combination","5131","5131",0,1
"2630","Kaguyak Village alone or in any combination","5132","5132",0,1
"2631","Kaktovik Village (Barter Island) alone or in any combination","5231","5231",0,1
"2632","Kasigluk Traditional Elders Council alone or in any combination","5434","5434",0,1
"2633","Kawerak alone or in any combination","5232","5232",0,1
"2634","Kenaitze Indian Tribe alone or in any combination","5089","5089",0,1
"2635","Ketchikan Indian Corporation alone or in any combination","5329","5329",0,1
"2636","King Cove alone or in any combination","5134","5134",0,1
"2637","King Island Native Community alone or in any combination","5233","5233",0,1
"2638","King Salmon Tribe alone or in any combination","5135","5135",0,1
"2639","Klawock Cooperative Association alone or in any combination","5330","5330",0,1
"2640","Knik Tribe alone or in any combination","5045","5045",0,1
"2641","Kodiak alone or in any combination","5136","5136",0,1
"2642","Kokhanok Village alone or in any combination","5137","5137",0,1
"2643","Koniag Aleut alone or in any combination","5138","5138",0,1
"2644","Koyukuk Native Village alone or in any combination","5046","5046",0,1
"2645","Lake Minchumina alone or in any combination","5047","5047",0,1
"2646","Levelock Village alone or in any combination","5422","5422",0,1
"2647","Lime Village alone or in any combination","5048","5048",0,1
"2648","Manley Hot Springs Village alone or in any combination","5049","5049",0,1
"2649","Manokotak Village alone or in any combination","5423","5423",0,1
"2650","McGrath Native Village alone or in any combination","5050","5050",0,1
"2651","Mentasta Traditional Council alone or in any combination","5051","5051",0,1
"2652","Metlakatla Indian Community, Annette Island Reserve alone or in any combination","5396","5396",0,1
"2653","Naknek Native Village alone or in any combination","5424","5424",0,1
"2654","Nana Inupiat alone or in any combination","5234","5234",0,1
"2655","Native Village of Afognak alone or in any combination","5140","5140",0,1
"2656","Native Village of Akhiok alone or in any combination","5141","5141",0,1
"2657","Native Village of Akutan alone or in any combination","5142","5142",0,1
"2658","Native Village of Aleknagik alone or in any combination","5425","5425",0,1
"2659","Native Village of Ambler alone or in any combination","5235","5235",0,1
"2660","Native Village of Atka alone or in any combination","5143","5143",0,1
"2661","Native Village of Barrow Inupiat Traditional Government alone or in any combination","5236","5236",0,1
"2662","Native Village of Belkofski alone or in any combination","5144","5144",0,1
"2663","Native Village of Brevig Mission alone or in any combination","5237","5237",0,1
"2664","Native Village of Buckland alone or in any combination","5238","5238",0,1
"2665","Native Village of Cantwell alone or in any combination","5052","5052",0,1
"2666","Native Village of Chanega (Chenega) alone or in any combination","5145","5145",0,1
"2667","Native Village of Chignik Lagoon alone or in any combination","5146","5146",0,1
"2668","Native Village of Chitina alone or in any combination","5053","5053",0,1
"2669","Native Village of Chuathbaluk alone or in any combination","5426","5426",0,1
"2670","Native Village of Council alone or in any combination","5239","5239",0,1
"2671","Native Village of Deering alone or in any combination","5240","5240",0,1
"2672","Native Village of Diomede (Inalik) alone or in any combination","5241","5241",0,1
"2673","Native Village of Eagle alone or in any combination","5054","5054",0,1
"2674","Native Village of Eek alone or in any combination","5427","5427",0,1
"2675","Native Village of Ekuk alone or in any combination","5428","5428",0,1
"2676","Native Village of Ekwok alone or in any combination","5419","5419",0,1
"2677","Native Village of Elim alone or in any combination","5242","5242",0,1
"2678","Native Village of Eyak (Cordova) alone or in any combination","5147","5147",0,1
"2679","Native Village of False Pass alone or in any combination","5148","5148",0,1
"2680","Native Village of Fort Yukon alone or in any combination","5055","5055",0,1
"2681","Native Village of Gakona alone or in any combination","5056","5056",0,1
"2682","Native Village of Gambell alone or in any combination","5429","5429",0,1
"2683","Native Village of Georgetown alone or in any combination","5430","5430",0,1
"2684","Native Village of Goodnews Bay alone or in any combination","5431","5431",0,1
"2685","Native Village of Hamilton alone or in any combination","5432","5432",0,1
"2686","Native Village of Hooper Bay (Naparyarmiut) alone or in any combination","5433","5433",0,1
"2687","Native Village of Kanatak alone or in any combination","5149","5149",0,1
"2688","Native Village of Karluk alone or in any combination","5150","5150",0,1
"2689","Native Village of Kiana alone or in any combination","5243","5243",0,1
"2690","Native Village of Kipnuk alone or in any combination","5435","5435",0,1
"2691","Native Village of Kivalina alone or in any combination","5244","5244",0,1
"2692","Native Village of Kluti Kaah (Copper Center) alone or in any combination","5057","5057",0,1
"2693","Native Village of Kobuk alone or in any combination","5245","5245",0,1
"2694","Native Village of Kongiganak alone or in any combination","5436","5436",0,1
"2695","Native Village of Kotzebue alone or in any combination","5246","5246",0,1
"2696","Native Village of Koyuk alone or in any combination","5247","5247",0,1
"2697","Native Village of Kwigillingok alone or in any combination","5437","5437",0,1
"2698","Native Village of Kwinhagak (Quinhagak) alone or in any combination","5438","5438",0,1
"2699","Native Village of Larsen Bay alone or in any combination","5151","5151",0,1
"2700","Native Village of Marshall (Fortuna Ledge) alone or in any combination","5439","5439",0,1
"2701","Native Village of Mary's Igloo alone or in any combination","5248","5248",0,1
"2702","Native Village of Mekoryuk alone or in any combination","5249","5249",0,1
"2703","Native Village of Minto alone or in any combination","5058","5058",0,1
"2704","Native Village of Nanwalek (English Bay) alone or in any combination","5152","5152",0,1
"2705","Native Village of Napaimute alone or in any combination","5440","5440",0,1
"2706","Native Village of Napakiak alone or in any combination","5441","5441",0,1
"2707","Native Village of Napaskiak alone or in any combination","5442","5442",0,1
"2708","Native Village of Nelson Lagoon alone or in any combination","5153","5153",0,1
"2709","Native Village of Nightmute alone or in any combination","5443","5443",0,1
"2710","Native Village of Nikolski alone or in any combination","5154","5154",0,1
"2711","Native Village of Noatak alone or in any combination","5250","5250",0,1
"2712","Native Village of Nuiqsut (aka Nooiksut) alone or in any combination","5251","5251",0,1
"2713","Native Village of Nunam Iqua alone or in any combination","5444","5444",0,1
"2714","Native Village of Nunapitchuk alone or in any combination","5445","5445",0,1
"2715","Native Village of Ouzinkie alone or in any combination","5155","5155",0,1
"2716","Native Village of Paimiut alone or in any combination","5483","5483",0,1
"2717","Native Village of Perryville alone or in any combination","5156","5156",0,1
"2718","Native Village of Pilot Point alone or in any combination","5157","5157",0,1
"2719","Native Village of Point Hope alone or in any combination","5252","5252",0,1
"2720","Native Village of Point Lay alone or in any combination","5253","5253",0,1
"2721","Native Village of Port Graham alone or in any combination","5158","5158",0,1
"2722","Native Village of Port Heiden alone or in any combination","5159","5159",0,1
"2723","Native Village of Port Lions alone or in any combination","5160","5160",0,1
"2724","Native Village of Ruby alone or in any combination","5059","5059",0,1
"2725","Native Village of Saint Michael alone or in any combination","5447","5447",0,1
"2726","Native Village of Savoonga alone or in any combination","5448","5448",0,1
"2727","Native Village of Scammon Bay alone or in any combination","5449","5449",0,1
"2728","Native Village of Selawik alone or in any combination","5254","5254",0,1
"2729","Native Village of Shaktoolik alone or in any combination","5255","5255",0,1
"2730","Native Village of Shishmaref alone or in any combination","5256","5256",0,1
"2731","Native Village of Shungnak alone or in any combination","5257","5257",0,1
"2732","Native Village of Stevens alone or in any combination","5060","5060",0,1
"2733","Native Village of Tanacross alone or in any combination","5061","5061",0,1
"2734","Native Village of Tanana alone or in any combination","5062","5062",0,1
"2735","Native Village of Tatitlek alone or in any combination","5161","5161",0,1
"2736","Native Village of Tazlina alone or in any combination","5063","5063",0,1
"2737","Native Village of Teller alone or in any combination","5258","5258",0,1
"2738","Native Village of Tetlin alone or in any combination","5064","5064",0,1
"2739","Native Village of Tuntutuliak alone or in any combination","5450","5450",0,1
"2740","Native Village of Tununak alone or in any combination","5451","5451",0,1
"2741","Native Village of Tyonek alone or in any combination","5065","5065",0,1
"2742","Native Village of Unalakleet alone or in any combination","5259","5259",0,1
"2743","Native Village of Unga alone or in any combination","5162","5162",0,1
"2744","Native Village of Wales alone or in any combination","5260","5260",0,1
"2745","Native Village of White Mountain alone or in any combination","5261","5261",0,1
"2746","Nenana Native Association alone or in any combination","5066","5066",0,1
"2747","New Koliganek Village Council alone or in any combination","5452","5452",0,1
"2748","New Stuyahok Village alone or in any combination","5453","5453",0,1
"2749","Newhalen Village alone or in any combination","5454","5454",0,1
"2750","Newtok Village alone or in any combination","5455","5455",0,1
"2751","Nikolai Village alone or in any combination","5067","5067",0,1
"2752","Ninilchik Village alone or in any combination","5068","5068",0,1
"2753","Nome Eskimo Community alone or in any combination","5262","5262",0,1
"2754","Nondalton Village alone or in any combination","5069","5069",0,1
"2755","Noorvik Native Community alone or in any combination","5263","5263",0,1
"2756","Northway Village alone or in any combination","5070","5070",0,1
"2757","Nulato Village alone or in any combination","5071","5071",0,1
"2758","Nunakauyarmiut Tribe (Toksook Bay) alone or in any combination","5456","5456",0,1
"2759","Organized Village of Grayling (Holikachuk) alone or in any combination","5072","5072",0,1
"2760","Organized Village of Kake alone or in any combination","5331","5331",0,1
"2761","Organized Village of Kasaan alone or in any combination","5332","5332",0,1
"2762","Organized Village of Kwethluk alone or in any combination","5457","5457",0,1
"2763","Organized Village of Saxman alone or in any combination","5333","5333",0,1
"2764","Orutsararmiut Traditional Native Council alone or in any combination","5458","5458",0,1
"2765","Oscarville Traditional Village alone or in any combination","5459","5459",0,1
"2766","Pauloff Harbor Village alone or in any combination","5163","5163",0,1
"2767","Pedro Bay Village alone or in any combination","5073","5073",0,1
"2768","Pelican alone or in any combination","5334","5334",0,1
"2769","Petersburg Indian Association alone or in any combination","5335","5335",0,1
"2770","Pilot Station Traditional Village alone or in any combination","5460","5460",0,1
"2771","Pitka's Point Traditional Council alone or in any combination","5446","5446",0,1
"2772","Platinum Traditional Village alone or in any combination","5461","5461",0,1
"2773","Portage Creek Village (Ohgsenakale) alone or in any combination","5462","5462",0,1
"2774","Qagan Tayagungin Tribe of Sand Point Village alone or in any combination","5164","5164",0,1
"2775","Qawalangin Tribe of Unalaska alone or in any combination","5165","5165",0,1
"2776","Rampart Village alone or in any combination","5074","5074",0,1
"2777","Saint George Island alone or in any combination","5166","5166",0,1
"2778","Saint Paul Island alone or in any combination","5167","5167",0,1
"2779","Salamatof Tribe alone or in any combination","5085","5085",0,1
"2780","Sealaska Corporation (Southeast Alaska) alone or in any combination","5336","5336",0,1
"2781","Seldovia Village Tribe alone or in any combination","5075","5075",0,1
"2782","Shageluk Native Village alone or in any combination","5076","5076",0,1
"2783","Siberian Yupik alone or in any combination","5463","5463",0,1
"2784","Sitka Tribe of Alaska alone or in any combination","5337","5337",0,1
"2785","Skagway Village alone or in any combination","5338","5338",0,1
"2786","Slana alone or in any combination","5077","5077",0,1
"2787","South Naknek Village alone or in any combination","5168","5168",0,1
"2788","Stebbins Community Association alone or in any combination","5464","5464",0,1
"2789","Sugpiaq alone or in any combination","5169","5169",0,1
"2790","Sun'aq Tribe of Kodiak alone or in any combination","5170","5170",0,1
"2791","Takotna Village alone or in any combination","5078","5078",0,1
"2792","Tanana Chiefs alone or in any combination","5079","5079",0,1
"2793","Tangirnaq Native Village alone or in any combination","5139","5139",0,1
"2794","Telida Village alone or in any combination","5080","5080",0,1
"2795","Tenakee Springs alone or in any combination","5339","5339",0,1
"2796","Tlingit alone or in any combination","5320","5320",0,1
"2797","Tok alone or in any combination","5081","5081",0,1
"2798","Traditional Village of Togiak alone or in any combination","5465","5465",0,1
"2799","Tsimshian alone or in any combination","5395","5395",0,1
"2800","Tuluksak Native Community alone or in any combination","5466","5466",0,1
"2801","Twin Hills Village alone or in any combination","5467","5467",0,1
"2802","Ugashik Village alone or in any combination","5171","5171",0,1
"2803","Umkumiut Native Village alone or in any combination","5468","5468",0,1
"2804","Unangan (Unalaska) alone or in any combination","5172","5172",0,1
"2805","Village of Alakanuk alone or in any combination","5469","5469",0,1
"2806","Village of Anaktuvuk Pass alone or in any combination","5264","5264",0,1
"2807","Village of Aniak alone or in any combination","5470","5470",0,1
"2808","Village of Atmautluak alone or in any combination","5471","5471",0,1
"2809","Village of Bill Moore's Slough alone or in any combination","5472","5472",0,1
"2810","Village of Chefornak alone or in any combination","5473","5473",0,1
"2811","Village of Clarks Point alone or in any combination","5474","5474",0,1
"2812","Village of Crooked Creek alone or in any combination","5475","5475",0,1
"2813","Village of Dot Lake alone or in any combination","5082","5082",0,1
"2814","Village of Iliamna alone or in any combination","5083","5083",0,1
"2815","Village of Kalskag alone or in any combination","5476","5476",0,1
"2816","Village of Kaltag alone or in any combination","5084","5084",0,1
"2817","Village of Kotlik alone or in any combination","5477","5477",0,1
"2818","Village of Lower Kalskag alone or in any combination","5478","5478",0,1
"2819","Village of Ohogamiut alone or in any combination","5479","5479",0,1
"2820","Village of Red Devil alone or in any combination","5480","5480",0,1
"2821","Village of Sleetmute alone or in any combination","5481","5481",0,1
"2822","Village of Solomon alone or in any combination","5265","5265",0,1
"2823","Village of Stony River alone or in any combination","5086","5086",0,1
"2824","Village of Venetie alone or in any combination","5087","5087",0,1
"2825","Village of Wainwright alone or in any combination","5266","5266",0,1
"2826","Wiseman alone or in any combination","5088","5088",0,1
"2827","Wrangell Cooperative Association alone or in any combination","5341","5341",0,1
"2828","Yakutat Tlingit Tribe alone or in any combination","5342","5342",0,1
"2829","Yupiit of Andreafski alone or in any combination","5482","5482",0,1
"2830","Yup'ik (Yup'ik Eskimo) alone or in any combination","5410","5410",0,1
"2831","Alaska Native alone or in any combination, not specified","5010:5019","5010,5011",1,1
"2833","American Indian alone or in any combination","5500:6499","5500:6499",1,1
"2834","Abenaki Nation of Missisquoi alone or in any combination","5505","5505",0,1
"2835","Absentee Shawnee Tribe of Indians of Oklahoma alone or in any combination","6270","6270",0,1
"2836","Agua Caliente alone or in any combination","5757","5757",0,1
"2837","Agua Caliente Band of Cahuilla Indians alone or in any combination","5557","5557",0,1
"2838","Ak-Chin Indian Community alone or in any combination","5510","5510",0,1
"2839","Alabama Creek alone or in any combination","5743","5743",0,1
"2840","Alabama Quassarte Tribal Town alone or in any combination","5736","5736",0,1
"2841","Alabama-Coushatta Tribe of Texas alone or in any combination","5727","5727",0,1
"2842","Algonquian alone or in any combination","5512","5512",0,1
"2843","Allegheny Lenape alone or in any combination","5762","5762",0,1
"2844","Alpine alone or in any combination","6390","6390",0,1
"2845","Alsea alone or in any combination","6013","6013",0,1
"2846","Alturas Indian Rancheria alone or in any combination","6112","6112",0,1
"2847","Ani-stohini/Unami alone or in any combination","6441","6441",0,1
"2848","Apache alone or in any combination","5514","5514",0,1
"2849","Apache Tribe of Oklahoma alone or in any combination","5515","5515",0,1
"2850","Arapaho alone or in any combination","5524","5524",0,1
"2851","Arapaho Tribe of the Wind River Reservation, Wyoming alone or in any combination","5525","5525",0,1
"2852","Aroostook Band of Micmacs alone or in any combination","5960","5960",0,1
"2853","Assiniboine alone or in any combination","5529","5529",0,1
"2854","Assiniboine and Sioux Tribes of the Fort Peck Indian Reservation, Montana alone or in any combination","5531","5531",0,1
"2855","Assonet Band of the Wampanoag Nation alone or in any combination","6372","6372",0,1
"2856","Atakapa alone or in any combination","5786","5786",0,1
"2857","Atsina alone or in any combination","5834","5834",0,1
"2858","Augustine Band of Cahuilla Indians, California alone or in any combination","5558","5558",0,1
"2859","Bad River Band of the Lake Superior Tribe alone or in any combination","5650","5650",0,1
"2860","Bannock alone or in any combination","5822","5822",0,1
"2861","Barona Group of Capitan Grande Band alone or in any combination","5772","5772",0,1
"2862","Bay Mills Indian Community alone or in any combination","5651","5651",0,1
"2863","Bear River Band of Rohnerville Rancheria alone or in any combination","5566","5566",0,1
"2864","Beaver Creek Indians alone or in any combination","5787","5787",0,1
"2865","Berry Creek Rancheria of Maidu Indians alone or in any combination","5927","5927",0,1
"2866","Big Lagoon Rancheria alone or in any combination","6347","6347",0,1
"2867","Big Pine Paiute Tribe of the Owens Valley alone or in any combination","6044","6044",0,1
"2868","Big Sandy Rancheria of Western Mono Indians of California alone or in any combination","5989","5989",0,1
"2869","Big Valley Band of Pomo Indians of the Big Valley Rancheria alone or in any combination","6118","6118",0,1
"2870","Biloxi alone or in any combination","5788","5788",0,1
"2871","Biloxi-Chitimacha Confederation alone or in any combination","5789","5789",0,1
"2872","Bishop Paiute Tribe alone or in any combination","6072","6072",0,1
"2873","Blackfeet Tribe of the Blackfeet Indian Reservation of Montana alone or in any combination","5536","5536",0,1
"2874","Blue Lake Rancheria alone or in any combination","6414","6414",0,1
"2875","Bois Forte Band (Nett Lake) alone or in any combination","5652","5652",0,1
"2876","Bridgeport Paiute Indian Colony alone or in any combination","6045","6045",0,1
"2877","Brotherton alone or in any combination","5541","5541",0,1
"2878","Brule Sioux alone or in any combination","6296","6296",0,1
"2879","Buena Vista Rancheria of Me-Wuk Indians of California alone or in any combination","5970","5970",0,1
"2880","Burns Paiute Tribe alone or in any combination","6046","6046",0,1
"2881","Burt Lake Band of Ottawa and Chippewa Indians alone or in any combination","5546","5546",0,1
"2882","Cabazon Band of Mission Indians alone or in any combination","5559","5559",0,1
"2883","Cachil Dehe Band of Wintun Indians of the Colusa Rancheria alone or in any combination","6408","6408",0,1
"2884","Caddo Adais Indians alone or in any combination","5552","5552",0,1
"2885","Caddo alone or in any combination","5551","5551",0,1
"2886","Caddo Nation of Oklahoma alone or in any combination","5553","5553",0,1
"2887","Cahto Indian Tribe of the Laytonville Rancheria alone or in any combination","5567","5567",0,1
"2888","Cahuilla alone or in any combination","5556","5556",0,1
"2889","Cahuilla Band of Indians alone or in any combination","5965","5965",0,1
"2890","California Valley Miwok Tribe alone or in any combination","5568","5568",0,1
"2891","Campo Band of Diegueno Mission Indians alone or in any combination","5773","5773",0,1
"2892","Capitan Grande Band of Diegueno Mission Indians alone or in any combination","5774","5774",0,1
"2893","Catawba Indian Nation alone or in any combination","5586","5586",0,1
"2894","Cayuga Nation alone or in any combination","5864","5864",0,1
"2895","Cayuse alone or in any combination","5588","5588",0,1
"2896","Cedarville Rancheria alone or in any combination","6047","6047",0,1
"2897","Celilo alone or in any combination","6014","6014",0,1
"2898","Central Pomo alone or in any combination","6119","6119",0,1
"2899","Chaloklowa Chickasaw alone or in any combination","5634","5634",0,1
"2900","Chappaquiddick Tribe of the Wampanoag Indian Nation alone or in any combination","6373","6373",0,1
"2901","Chaubunagungamaug Nipmuck alone or in any combination","6004","6004",0,1
"2902","Chemakuan alone or in any combination","5592","5592",0,1
"2903","Chemehuevi Indian Tribe alone or in any combination","5597","5597",0,1
"2904","Cher-Ae Heights Indian Community of the Trinidad Rancheria alone or in any combination","5569","5569",0,1
"2905","Cher-O-Creek Intratribal Indians alone or in any combination","5600","5600",0,1
"2906","Cheroenhaka (Nottoway) alone or in any combination","5790","5790",0,1
"2907","Cherokee Alabama alone or in any combination","5601","5601",0,1
"2908","Cherokee alone or in any combination","5599","5599",0,1
"2909","Cherokee Nation alone or in any combination","5603","5603",0,1
"2910","Cherokee Bear Clan of South Carolina alone or in any combination","5602","5602",0,1
"2911","Cherokee of Georgia alone or in any combination","5604","5604",0,1
"2912","Cherokee Tribe of Northeast Alabama alone or in any combination","5605","5605",0,1
"2913","Cheyenne alone or in any combination","5619","5619",0,1
"2914","Cheyenne and Arapaho Tribes, Oklahoma alone or in any combination","5624","5624",0,1
"2915","Cheyenne River Sioux Tribe of the Cheyenne River Reservation, South Dakota alone or in any combination","6297","6297",0,1
"2916","Chickahominy Indian Tribe alone or in any combination","5630","5630",0,1
"2917","Chickahominy Indian Tribe - Eastern Division alone or in any combination","5629","5629",0,1
"2918","The Chickasaw Nation alone or in any combination","5635","5635",0,1
"2919","Chicken Ranch Rancheria of Me-Wuk Indians alone or in any combination","5971","5971",0,1
"2920","Chimariko alone or in any combination","5570","5570",0,1
"2921","Chinook alone or in any combination","5639","5639",0,1
"2922","Chippewa alone or in any combination","5649","5649",0,1
"2923","Chippewa Cree Indians of the Rocky Boy's Reservation, Montana alone or in any combination","5679","5679",0,1
"2924","Chitimacha Tribe of Louisiana alone or in any combination","5684","5684",0,1
"2925","Choctaw alone or in any combination","5689","5689",0,1
"2926","Choctaw-Apache Community of Ebarb alone or in any combination","5699","5699",0,1
"2927","The Choctaw Nation of Oklahoma alone or in any combination","5690","5690",0,1
"2928","Chumash alone or in any combination","5701","5701",0,1
"2929","Citizen Potawatomi Nation, Oklahoma alone or in any combination","6153","6153",0,1
"2930","Clatsop alone or in any combination","5640","5640",0,1
"2931","Clear Lake alone or in any combination","5706","5706",0,1
"2932","Clifton Choctaw Tribe of Louisiana alone or in any combination","5691","5691",0,1
"2933","Cloverdale Rancheria of Pomo Indians of California alone or in any combination","6120","6120",0,1
"2934","Cocopah Tribe of Arizona alone or in any combination","6445","6445",0,1
"2935","Coeur D'Alene alone or in any combination","5708","5708",0,1
"2936","Coharie Indian Tribe alone or in any combination","5710","5710",0,1
"2937","Cold Springs Rancheria of Mono Indians alone or in any combination","5990","5990",0,1
"2938","Colorado River Indian Tribe alone or in any combination","5712","5712",0,1
"2939","Columbia alone or in any combination","6015","6015",0,1
"2940","Columbia River Chinook alone or in any combination","5641","5641",0,1
"2941","Comanche Nation, Oklahoma alone or in any combination","5716","5716",0,1
"2942","Confederated Salish and Kootenai Tribes of the Flathead Nation alone or in any combination","6238","6238",0,1
"2943","Confederated Tribes and Bands of the Yakama Nation alone or in any combination","6419","6419",0,1
"2944","Confederated Tribes of Siletz Indians of Oregon alone or in any combination","6293","6293",0,1
"2945","Confederated Tribes of the Chehalis Reservation alone or in any combination","5590","5590",0,1
"2946","Confederated Tribes of the Colville Reservation alone or in any combination","5714","5714",0,1
"2947","Confederated Tribes of the Coos, Lower Umpqua, and Siuslaw Indians alone or in any combination","5720","5720",0,1
"2948","Confederated Tribes of the Goshute Reservation alone or in any combination","6284","6284",0,1
"2949","Confederated Tribes of the Grand Ronde Community of Oregon alone or in any combination","5831","5831",0,1
"2950","Confederated Tribes of the Umatilla Indian Reservation alone or in any combination","6355","6355",0,1
"2951","Confederated Tribes of Warm Springs alone or in any combination","6386","6386",0,1
"2952","Coos alone or in any combination","5718","5718",0,1
"2953","Coquille Indian Tribe alone or in any combination","5722","5722",0,1
"2954","Costanoan alone or in any combination","5724","5724",0,1
"2955","Coushatta alone or in any combination","5726","5726",0,1
"2956","Coushatta Tribe of Louisiana alone or in any combination","5728","5728",0,1
"2957","Cow Creek Band of Umpqua Tribe of Indians alone or in any combination","6358","6358",0,1
"2958","Cowlitz Indian Tribe alone or in any combination","5731","5731",0,1
"2959","Coyote Valley Band of Pomo Indians of California alone or in any combination","6121","6121",0,1
"2960","Cree alone or in any combination","5733","5733",0,1
"2961","Croatan alone or in any combination","5750","5750",0,1
"2962","Crow Creek Sioux Tribe of the Crow Creek Reservation, South Dakota alone or in any combination","6298","6298",0,1
"2963","Crow Tribe of Montana alone or in any combination","5752","5752",0,1
"2964","Cumberland County Association for Indian People alone or in any combination","5754","5754",0,1
"2965","Cupeno alone or in any combination","5756","5756",0,1
"2966","Delaware (Lenni-Lenape) alone or in any combination","5761","5761",0,1
"2967","Delaware Nation alone or in any combination","5763","5763",0,1
"2968","Delaware Tribe of Indians, Oklahoma alone or in any combination","5764","5764",0,1
"2969","Dry Creek Rancheria Band of Pomo Indians, California alone or in any combination","6122","6122",0,1
"2970","Duckwater Shoshone Tribe alone or in any combination","6286","6286",0,1
"2971","Duwamish alone or in any combination","6190","6190",0,1
"2972","East of the River Shawnee alone or in any combination","6271","6271",0,1
"2973","Eastern Band of Cherokee Indians alone or in any combination","5606","5606",0,1
"2974","Eastern Creek alone or in any combination","5737","5737",0,1
"2975","Eastern Muscogee alone or in any combination","5738","5738",0,1
"2976","Eastern Pequot alone or in any combination","6098","6098",0,1
"2977","Eastern Pomo alone or in any combination","6123","6123",0,1
"2978","Eastern Shawnee Tribe of Oklahoma alone or in any combination","6272","6272",0,1
"2979","Eastern Shoshone Tribe of the Wind River Reservation, Wyoming alone or in any combination","6287","6287",0,1
"2980","Echota Cherokee Tribe of Alabama alone or in any combination","5607","5607",0,1
"2981","Edisto Natchez-Kusso Tribe of South Carolina (Natchez Indian Tribe) alone or in any combination","5796","5796",0,1
"2982","Elem Indian Colony of the Sulphur Bank Rancheria alone or in any combination","6124","6124",0,1
"2983","Elk Valley Rancheria alone or in any combination","6348","6348",0,1
"2984","Elnu Abenaki Tribe alone or in any combination","5506","5506",0,1
"2985","Ely Shoshone Tribe alone or in any combination","6288","6288",0,1
"2986","Enterprise Rancheria of Maidu Indians alone or in any combination","5928","5928",0,1
"2987","Esselen alone or in any combination","5816","5816",0,1
"2988","Ewiiaapaayp Band of Kumeyaay Indians alone or in any combination","5775","5775",0,1
"2989","Federated Indians of Graton Rancheria alone or in any combination","6125","6125",0,1
"2990","Fernandeno Tataviam Band of Mission Indians alone or in any combination","5818","5818",0,1
"2991","Flandreau Santee Sioux Tribe of South Dakota alone or in any combination","6300","6300",0,1
"2992","Fond du Lac Band alone or in any combination","5653","5653",0,1
"2993","Forest County Potawatomi Community, Wisconsin alone or in any combination","6154","6154",0,1
"2994","Fort Belknap Indian Community of the Fort Belknap Reservation alone or in any combination","5820","5820",0,1
"2995","Fort Bidwell Indian Community alone or in any combination","6048","6048",0,1
"2996","Fort Independence Indian Community alone or in any combination","6049","6049",0,1
"2997","Fort McDermitt Paiute and Shoshone Tribes of Nevada and Oregon alone or in any combination","6069","6069",0,1
"2998","Fort McDowell Yavapai Nation alone or in any combination","5827","5827",0,1
"2999","Fort Mojave Indian Tribe of Arizona, California, and Nevada alone or in any combination","6446","6446",0,1
"3000","Fort Sill Apache Tribe of Oklahoma alone or in any combination","5516","5516",0,1
"3001","Four Winds Cherokee alone or in any combination","5608","5608",0,1
"3002","Gabrieleno alone or in any combination","5829","5829",0,1
"3003","Georgetown alone or in any combination","5791","5791",0,1
"3004","Georgia Eastern Cherokee alone or in any combination","5609","5609",0,1
"3005","Gila River Indian Community of the Gila River Indian Reservation alone or in any combination","6103","6103",0,1
"3006","Golden Hill Paugussett alone or in any combination","5792","5792",0,1
"3007","Grand Portage Band alone or in any combination","5654","5654",0,1
"3008","Grand River Band of Ottawa Indians alone or in any combination","6034","6034",0,1
"3009","Grand Traverse Band of Ottawa and Chippewa Indians alone or in any combination","5655","5655",0,1
"3010","Greenville Rancheria alone or in any combination","5929","5929",0,1
"3011","Grindstone Indian Rancheria of Wintun-Wailaki Indians alone or in any combination","6412","6412",0,1
"3012","Gros Ventres alone or in any combination","5833","5833",0,1
"3013","Guidiville Rancheria of California alone or in any combination","6126","6126",0,1
"3014","Guilford Native American Association alone or in any combination","5838","5838",0,1
"3015","Habematolel Pomo of Upper Lake alone or in any combination","6127","6127",0,1
"3016","Haliwa-Saponi Indian Tribe alone or in any combination","5840","5840",0,1
"3017","Hannahville Potawatomi Indian Tribe, Michigan alone or in any combination","6155","6155",0,1
"3018","Hassanamisco Band of the Nipmuc Nation alone or in any combination","6005","6005",0,1
"3019","Havasupai Tribe of the Havasupai Reservation alone or in any combination","6447","6447",0,1
"3020","Herring Pond Wampanoag Tribe alone or in any combination","6374","6374",0,1
"3021","Ho-Chunk Nation alone or in any combination","5842","5842",0,1
"3022","Hoh Indian Tribe alone or in any combination","5593","5593",0,1
"3023","Hoopa Extension alone or in any combination","5849","5849",0,1
"3024","Hoopa Valley Tribe alone or in any combination","5844","5844",0,1
"3025","Hopi Tribe of Arizona alone or in any combination","5851","5851",0,1
"3026","Hopland Band of Pomo Indians alone or in any combination","6128","6128",0,1
"3027","Houlton Band of Maliseet Indians alone or in any combination","5939","5939",0,1
"3028","Hualapai Indian Tribe of the Hualapai Indian Reservation alone or in any combination","6448","6448",0,1
"3029","Iipay Nation of Santa Ysabel alone or in any combination","5776","5776",0,1
"3030","Illinois Miami alone or in any combination","5953","5953",0,1
"3031","Inaja Band of Diegueno Mission Indians of the Inaja and Cosmit Reservation alone or in any combination","5777","5777",0,1
"3032","Indian Township alone or in any combination","6080","6080",0,1
"3033","Indiana Miami alone or in any combination","5954","5954",0,1
"3034","Ione Band of Miwok Indians alone or in any combination","5972","5972",0,1
"3035","Iowa (Tribe) alone or in any combination","5858","5858",0,1
"3036","Iowa Tribe of Kansas and Nebraska alone or in any combination","5859","5859",0,1
"3037","Iowa Tribe of Oklahoma alone or in any combination","5860","5860",0,1
"3038","Iroquois alone or in any combination","5863","5863",0,1
"3039","Jackson Band of Miwuk Indians alone or in any combination","5973","5973",0,1
"3040","Jamestown S'Klallam Tribe alone or in any combination","6225","6225",0,1
"3041","Jamul Indian Village alone or in any combination","5778","5778",0,1
"3042","Jena Band of Choctaw Indians alone or in any combination","5692","5692",0,1
"3043","Jicarilla Apache Nation alone or in any combination","5517","5517",0,1
"3044","Juaneno (Acjachemem) alone or in any combination","5878","5878",0,1
"3045","Kaibab Band of Paiute Indians of the Kaibab Indian Reservation alone or in any combination","6050","6050",0,1
"3046","Kalapuya alone or in any combination","6016","6016",0,1
"3047","Kalispel Indian Community alone or in any combination","5880","5880",0,1
"3048","Karuk Tribe alone or in any combination","5882","5882",0,1
"3049","Kashia Band of Pomo Indians of the Stewarts Point Rancheria alone or in any combination","6129","6129",0,1
"3050","Kathlamet alone or in any combination","5642","5642",0,1
"3051","Kaw Nation alone or in any combination","5884","5884",0,1
"3052","Kern Valley Indian Community alone or in any combination","5572","5572",0,1
"3053","Kewa Pueblo, New Mexico alone or in any combination","6180","6180",0,1
"3054","Keweenaw Bay Indian Community alone or in any combination","5656","5656",0,1
"3055","Kialegee Tribal Town alone or in any combination","5739","5739",0,1
"3056","Kickapoo alone or in any combination","5886","5886",0,1
"3057","Kickapoo Traditional Tribe of Texas alone or in any combination","5887","5887",0,1
"3058","Kickapoo Tribe of Indians of the Kickapoo Reservation in Kansas alone or in any combination","5888","5888",0,1
"3059","Kickapoo Tribe of Oklahoma alone or in any combination","5889","5889",0,1
"3060","Kikiallus alone or in any combination","6191","6191",0,1
"3061","Kiowa alone or in any combination","5891","5891",0,1
"3062","Kiowa Indian Tribe of Oklahoma alone or in any combination","5892","5892",0,1
"3063","Klallam alone or in any combination","6224","6224",0,1
"3064","Klamath Tribes alone or in any combination","5896","5896",0,1
"3065","Kletsel Dehe Band of Wintun Indians alone or in any combination","6409","6409",0,1
"3066","Koasek (Cowasuck) Traditional Band of the Sovereign Abenaki Nation alone or in any combination","5507","5507",0,1
"3067","Koi Nation of Northern California alone or in any combination","6130","6130",0,1
"3068","Konkow alone or in any combination","5898","5898",0,1
"3069","Kootenai Tribe of Idaho alone or in any combination","5900","5900",0,1
"3070","Kumeyaay (Diegueno) alone or in any combination","5771","5771",0,1
"3071","La Jolla Band of Luiseno Indians, California alone or in any combination","5913","5913",0,1
"3072","La Posta Band of Diegueno Mission Indians alone or in any combination","5779","5779",0,1
"3073","Lac Courte Oreilles Band of Lake Superior Chippewa alone or in any combination","5657","5657",0,1
"3074","Lac du Flambeau Band of Lake Superior Chippewa Indians alone or in any combination","5658","5658",0,1
"3075","Lac Vieux Desert Band of Lake Superior Chippewa Indians alone or in any combination","5659","5659",0,1
"3076","Lake Superior Chippewa alone or in any combination","5660","5660",0,1
"3077","Las Vegas Tribe of Paiute Indians of the Las Vegas Indian Colony alone or in any combination","6051","6051",0,1
"3078","Lassik alone or in any combination","5905","5905",0,1
"3079","Leech Lake Band alone or in any combination","5661","5661",0,1
"3080","Lemhi-Shoshone alone or in any combination","5823","5823",0,1
"3081","Lipan Apache alone or in any combination","5518","5518",0,1
"3082","Little River Band of Ottawa Indians of Michigan alone or in any combination","6035","6035",0,1
"3083","Little Shell Tribe of Chippewa Indians of Montana alone or in any combination","5662","5662",0,1
"3084","Little Traverse Bay Bands of Odawa Indians alone or in any combination","6036","6036",0,1
"3085","Lone Pine Paiute-Shoshone Tribe alone or in any combination","6070","6070",0,1
"3086","Los Coyotes Band of Cahuilla and Cupeno Indians alone or in any combination","5560","5560",0,1
"3087","Louisiana Choctaw Tribe alone or in any combination","5693","5693",0,1
"3088","Lovelock Paiute Tribe of the Lovelock Indian Colony, Nevada alone or in any combination","6052","6052",0,1
"3089","Lower Brule Sioux Tribe of the Lower Brule Reservation, South Dakota alone or in any combination","6301","6301",0,1
"3090","Lower Elwha Tribal Community alone or in any combination","6226","6226",0,1
"3091","Lower Muscogee Creek Tribe alone or in any combination","5741","5741",0,1
"3092","Lower Sioux Indian Community in the State of Minnesota alone or in any combination","6302","6302",0,1
"3093","Lower Skagit alone or in any combination","6192","6192",0,1
"3094","Luiseno alone or in any combination","5912","5912",0,1
"3095","Lumbee Tribe of North Carolina alone or in any combination","5922","5922",0,1
"3096","Lummi Tribe alone or in any combination","5924","5924",0,1
"3097","Lytton Rancheria of California alone or in any combination","6131","6131",0,1
"3098","Ma-Chis Lower Creek Indian Tribe of Alabama alone or in any combination","5742","5742",0,1
"3099","Maidu alone or in any combination","5926","5926",0,1
"3100","Makah Indian Tribe alone or in any combination","5936","5936",0,1
"3101","Malheur Paiute alone or in any combination","6053","6053",0,1
"3102","Maliseet alone or in any combination","5938","5938",0,1
"3103","Manchester Band of Pomo Indians of the Manchester Rancheria, California alone or in any combination","6132","6132",0,1
"3104","Manzanita Band of Diegueno Mission Indians alone or in any combination","5780","5780",0,1
"3105","Maricopa alone or in any combination","6104","6104",0,1
"3106","Marietta Band of Nooksack alone or in any combination","6193","6193",0,1
"3107","Mashantucket Pequot Indian Tribe alone or in any combination","6099","6099",0,1
"3108","Mashpee Wampanoag Tribe alone or in any combination","6375","6375",0,1
"3109","Match-e-be-nash-she-wish Band of Pottawatomi Indians alone or in any combination","6156","6156",0,1
"3110","Matinecock alone or in any combination","5907","5907",0,1
"3111","Mattaponi Indian Tribe alone or in any combination","5943","5943",0,1
"3112","Mdewakanton Sioux alone or in any combination","6303","6303",0,1
"3113","Mechoopda Indian Tribe of Chico Rancheria alone or in any combination","5930","5930",0,1
"3114","Meherrin Indian Tribe alone or in any combination","5793","5793",0,1
"3115","Menominee Indian Tribe alone or in any combination","5948","5948",0,1
"3116","Mesa Grande Band of Diegueno Mission Indians alone or in any combination","5781","5781",0,1
"3117","Mescalero Apache Tribe of the Mescalero Reservation, New Mexico alone or in any combination","5519","5519",0,1
"3118","Metrolina Native American Association alone or in any combination","5950","5950",0,1
"3119","Miami (Tribe) alone or in any combination","5952","5952",0,1
"3120","Miami Tribe of Oklahoma alone or in any combination","5955","5955",0,1
"3121","Miccosukee Tribe of Indians of Florida alone or in any combination","5957","5957",0,1
"3122","Micmac alone or in any combination","5959","5959",0,1
"3123","Middletown Rancheria of Pomo Indians alone or in any combination","6133","6133",0,1
"3124","Mille Lacs Band alone or in any combination","5663","5663",0,1
"3125","Minnesota Chippewa alone or in any combination","5664","5664",0,1
"3126","Mission Indians alone or in any combination","5964","5964",0,1
"3127","Mississippi Band of Choctaw Indians alone or in any combination","5694","5694",0,1
"3128","Miwok/Me-Wuk alone or in any combination","5969","5969",0,1
"3129","Moapa Band of Paiute Indians of the Moapa River Indian Reservation, Nevada alone or in any combination","6054","6054",0,1
"3130","Modoc alone or in any combination","5979","5979",0,1
"3131","The Modoc Tribe of Oklahoma alone or in any combination","5980","5980",0,1
"3132","Mohawk alone or in any combination","5865","5865",0,1
"3133","Mohegan Tribe of Indians of Connecticut alone or in any combination","5984","5984",0,1
"3134","Molalla alone or in any combination","6017","6017",0,1
"3135","Monacan Indian Nation alone or in any combination","5986","5986",0,1
"3136","Mono alone or in any combination","5988","5988",0,1
"3137","Montauk alone or in any combination","5908","5908",0,1
"3138","Moor Indian alone or in any combination","5794","5794",0,1
"3139","Mooretown Rancheria of Maidu Indians alone or in any combination","5931","5931",0,1
"3140","Morongo Band of Mission Indians, California alone or in any combination","5561","5561",0,1
"3141","Mountain Maidu alone or in any combination","5932","5932",0,1
"3142","MOWA Band of Choctaw Indians alone or in any combination","5695","5695",0,1
"3143","Muckleshoot Indian Tribe alone or in any combination","6194","6194",0,1
"3144","Munsee alone or in any combination","5765","5765",0,1
"3145","The Muscogee (Creek) Nation alone or in any combination","5735","5735",0,1
"3146","Nansemond Indian Nation alone or in any combination","5795","5795",0,1
"3147","Nanticoke alone or in any combination","5993","5993",0,1
"3148","Nanticoke Lenni-Lenape alone or in any combination","5995","5995",0,1
"3149","Narragansett Indian Tribe alone or in any combination","5997","5997",0,1
"3150","Natchitoches Tribe of Louisiana alone or in any combination","5554","5554",0,1
"3151","Nausu Waiwash alone or in any combination","5797","5797",0,1
"3152","Navajo Nation alone or in any combination","5999","5999",0,1
"3153","New Jersey Sand Hill Band of Indians, Inc alone or in any combination","5766","5766",0,1
"3154","Nez Perce Tribe alone or in any combination","6001","6001",0,1
"3155","Nipmuc alone or in any combination","6003","6003",0,1
"3156","Nisenen (Nishinam) alone or in any combination","5933","5933",0,1
"3157","Nisqually Indian Tribe alone or in any combination","6195","6195",0,1
"3158","Nomlaki alone or in any combination","6008","6008",0,1
"3159","Nooksack Indian Tribe alone or in any combination","6196","6196",0,1
"3160","North Fork Rancheria of Mono Indians alone or in any combination","5991","5991",0,1
"3161","Northern Arapaho Tribe alone or in any combination","5526","5526",0,1
"3162","Northern Cherokee Nation of Missouri and Arkansas alone or in any combination","5610","5610",0,1
"3163","Northern Cheyenne Tribe of the Northern Cheyenne Reservation, Montana alone or in any combination","5620","5620",0,1
"3164","Northern Paiute alone or in any combination","6055","6055",0,1
"3165","Northern Pomo alone or in any combination","6134","6134",0,1
"3166","Northwestern Band of the Shoshone Nation alone or in any combination","6289","6289",0,1
"3167","Nottawaseppi Huron Band of the Potawatomi, Michigan alone or in any combination","6157","6157",0,1
"3168","Nottoway Indian Tribe of Virginia alone or in any combination","5798","5798",0,1
"3169","Nulhegan Band of the Coosuk Abenaki Nation alone or in any combination","5508","5508",0,1
"3170","Occaneechi Band of the Saponi Nation alone or in any combination","6241","6241",0,1
"3171","Oglala Sioux Tribe alone or in any combination","6304","6304",0,1
"3172","Ohkay Owingeh, New Mexico alone or in any combination","6165","6165",0,1
"3173","Omaha Tribe of Nebraska alone or in any combination","6023","6023",0,1
"3174","Oneida alone or in any combination","5866","5866",0,1
"3175","Oneida Indian Nation alone or in any combination","5867","5867",0,1
"3176","Oneida Nation alone or in any combination","6025","6025",0,1
"3177","Onondaga Nation alone or in any combination","5868","5868",0,1
"3178","Oregon Athabascan alone or in any combination","6027","6027",0,1
"3179","The Osage Nation alone or in any combination","6029","6029",0,1
"3180","Otoe-Missouria Tribe of Indians alone or in any combination","6031","6031",0,1
"3181","Ottawa alone or in any combination","6033","6033",0,1
"3182","Ottawa Tribe of Oklahoma alone or in any combination","6037","6037",0,1
"3183","Paiute alone or in any combination","6043","6043",0,1
"3184","Paiute Indian Tribe of Utah (Southern Paiute) alone or in any combination","6056","6056",0,1
"3185","Paiute-Shoshone Tribe of the Fallon Reservation and Colony, Nevada alone or in any combination","6071","6071",0,1
"3186","Pala Band of Mission Indians alone or in any combination","5914","5914",0,1
"3187","Pamunkey Indian Tribe alone or in any combination","6078","6078",0,1
"3188","Pascua Yaqui Tribe of Arizona alone or in any combination","6424","6424",0,1
"3189","Paskenta Band of Nomlaki Indians alone or in any combination","6009","6009",0,1
"3190","Passamaquoddy Tribe alone or in any combination","6081","6081",0,1
"3191","Patawomeck Indian Tribe of Virginia alone or in any combination","5799","5799",0,1
"3192","Paucatuck Eastern Pequot alone or in any combination","6100","6100",0,1
"3193","Pauma Band of Luiseno Mission Indians alone or in any combination","5915","5915",0,1
"3194","Pawnee alone or in any combination","6085","6085",0,1
"3195","Pawnee Nation of Oklahoma alone or in any combination","6086","6086",0,1
"3196","Pechanga Band of Luiseno Mission Indians alone or in any combination","5916","5916",0,1
"3197","Pee Dee Indian Nation of Upper South Carolina alone or in any combination","5800","5800",0,1
"3198","Pee Dee Indian Tribe of South Carolina alone or in any combination","5801","5801",0,1
"3199","Penobscot Nation alone or in any combination","6090","6090",0,1
"3200","Peoria Tribe of Indians of Oklahoma alone or in any combination","6093","6093",0,1
"3201","Pequot alone or in any combination","6097","6097",0,1
"3202","Picayune Rancheria of Chukchansi Indians alone or in any combination","6431","6431",0,1
"3203","Piedmont American Indian Association-Lower Eastern Cherokee Nation SC (PAIA) alone or in any combination","5611","5611",0,1
"3204","Pima alone or in any combination","6102","6102",0,1
"3205","Pinoleville Pomo Nation alone or in any combination","6135","6135",0,1
"3206","Pipestone Sioux alone or in any combination","6305","6305",0,1
"3207","Piqua Shawnee Tribe alone or in any combination","6273","6273",0,1
"3208","Piro Manso Tiwa Tribe alone or in any combination","6166","6166",0,1
"3209","Piscataway alone or in any combination","6107","6107",0,1
"3210","Piscataway Conoy Tribe alone or in any combination","6108","6108",0,1
"3211","Piscataway Indian Nation alone or in any combination","6109","6109",0,1
"3212","Pit River Tribe of California alone or in any combination","6113","6113",0,1
"3213","Pleasant Point Passamaquoddy alone or in any combination","6082","6082",0,1
"3214","Poarch Band of Creeks alone or in any combination","5744","5744",0,1
"3215","Pocasset Wampanoag alone or in any combination","6376","6376",0,1
"3216","Pocomoke Acohonock alone or in any combination","5802","5802",0,1
"3217","Pointe Au-Chien Indian Tribe alone or in any combination","5685","5685",0,1
"3218","Pokagon Band of Potawatomi Indians alone or in any combination","6158","6158",0,1
"3219","Pokanoket (Royal House of Pokanoket) alone or in any combination","6377","6377",0,1
"3220","Pomo alone or in any combination","6117","6117",0,1
"3221","Ponca alone or in any combination","6147","6147",0,1
"3222","Ponca Tribe of Indians of Oklahoma alone or in any combination","6148","6148",0,1
"3223","Ponca Tribe of Nebraska alone or in any combination","6149","6149",0,1
"3224","Ponkapoag alone or in any combination","6378","6378",0,1
"3225","Poospatuck alone or in any combination","5909","5909",0,1
"3226","Port Gamble S'Klallam Tribe alone or in any combination","6227","6227",0,1
"3227","Potawatomi alone or in any combination","6152","6152",0,1
"3228","Potter Valley Tribe alone or in any combination","6136","6136",0,1
"3229","Powhatan alone or in any combination","6162","6162",0,1
"3230","Prairie Band Potawatomi Nation alone or in any combination","6159","6159",0,1
"3231","Prairie Island Indian Community alone or in any combination","6306","6306",0,1
"3232","Principal Creek Indian Nation alone or in any combination","5745","5745",0,1
"3233","Pueblo alone or in any combination","6164","6164",0,1
"3234","Pueblo of Acoma alone or in any combination","6167","6167",0,1
"3235","Pueblo of Cochiti alone or in any combination","6168","6168",0,1
"3236","Pueblo of Isleta alone or in any combination","6169","6169",0,1
"3237","Pueblo of Jemez alone or in any combination","6170","6170",0,1
"3238","Pueblo of Laguna alone or in any combination","6171","6171",0,1
"3239","Pueblo of Nambe alone or in any combination","6172","6172",0,1
"3240","Pueblo of Picuris alone or in any combination","6173","6173",0,1
"3241","Pueblo of Pojoaque alone or in any combination","6174","6174",0,1
"3242","Pueblo of San Felipe alone or in any combination","6175","6175",0,1
"3243","Pueblo of San Ildefonso alone or in any combination","6176","6176",0,1
"3244","Pueblo of Sandia alone or in any combination","6177","6177",0,1
"3245","Pueblo of Santa Ana alone or in any combination","6178","6178",0,1
"3246","Pueblo of Santa Clara alone or in any combination","6179","6179",0,1
"3247","Pueblo of Taos alone or in any combination","6181","6181",0,1
"3248","Pueblo of Tesuque alone or in any combination","6182","6182",0,1
"3249","Pueblo of Zia alone or in any combination","6183","6183",0,1
"3250","Puget Sound Salish alone or in any combination","6189","6189",0,1
"3251","Puyallup Tribe of The Puyallup Reservation alone or in any combination","6197","6197",0,1
"3252","Pyramid Lake Paiute Tribe of the Pyramid Lake Reservation, Nevada alone or in any combination","6057","6057",0,1
"3253","Quapaw Nation alone or in any combination","6214","6214",0,1
"3254","Quartz Valley Indian Reservation alone or in any combination","6265","6265",0,1
"3255","Quechan Tribe of the Fort Yuma Indian Reservation, California and Arizona alone or in any combination","6450","6450",0,1
"3256","Quileute Tribe of the Quileute Reservation, Washington alone or in any combination","5594","5594",0,1
"3257","Quinault Indian Nation alone or in any combination","6216","6216",0,1
"3258","Ramapough Lenape Nation (Ramapough Mountain) alone or in any combination","5767","5767",0,1
"3259","Ramona Band of Cahuilla, California alone or in any combination","5562","5562",0,1
"3260","Rappahannock Tribe, Inc. alone or in any combination","6218","6218",0,1
"3261","Red Cliff Band of Lake Superior Chippewa alone or in any combination","5665","5665",0,1
"3262","Red Lake Band of Chippewa Indians alone or in any combination","5666","5666",0,1
"3263","Red Wood alone or in any combination","5574","5574",0,1
"3264","Redding Rancheria, California alone or in any combination","5575","5575",0,1
"3265","Redwood Valley or Little River Band of Pomo Indians of the Redwood Valley Rancheria California alone or in any combination","6137","6137",0,1
"3266","Reno-Sparks Indian Colony, Nevada alone or in any combination","6220","6220",0,1
"3267","Resighini Rancheria alone or in any combination","6456","6456",0,1
"3268","Rincon Band of Luiseno Mission Indians alone or in any combination","5917","5917",0,1
"3269","Robinson Rancheria alone or in any combination","6138","6138",0,1
"3270","Rosebud Sioux Tribe of the Rosebud Indian Reservation, South Dakota alone or in any combination","6307","6307",0,1
"3271","Round Valley Indian Tribes alone or in any combination","6222","6222",0,1
"3272","Sac and Fox alone or in any combination","6229","6229",0,1
"3273","Sac and Fox Nation of Missouri in Kansas and Nebraska alone or in any combination","6230","6230",0,1
"3274","Sac and Fox Nation, Oklahoma alone or in any combination","6231","6231",0,1
"3275","Sac and Fox Tribe of the Mississippi in Iowa alone or in any combination","6232","6232",0,1
"3276","Sac River Band of the Chickamauga-Cherokee alone or in any combination","5612","5612",0,1
"3277","Saginaw Chippewa Indian Tribe alone or in any combination","5667","5667",0,1
"3278","Saint Regis Mohawk Tribe alone or in any combination","5869","5869",0,1
"3279","Salinan alone or in any combination","6234","6234",0,1
"3280","Salish alone or in any combination","6236","6236",0,1
"3281","Salt River Pima-Maricopa Indian Community alone or in any combination","6105","6105",0,1
"3282","Samish Indian Nation alone or in any combination","6198","6198",0,1
"3283","San Carlos Apache Tribe of the San Carlos Reservation alone or in any combination","5520","5520",0,1
"3284","San Juan alone or in any combination","6184","6184",0,1
"3285","San Juan Southern Paiute Tribe of Arizona alone or in any combination","6058","6058",0,1
"3286","San Luis Rey Mission Indian alone or in any combination","5702","5702",0,1
"3287","San Manuel Band of Mission Indians, California alone or in any combination","6260","6260",0,1
"3288","San Pasqual Band of Diegueno Mission Indians alone or in any combination","5782","5782",0,1
"3289","Santa Rosa Band of Cahuilla Indians alone or in any combination","5563","5563",0,1
"3290","Santa Rosa Indian Community alone or in any combination","5576","5576",0,1
"3291","Santa Ynez Band of Chumash Mission Indians alone or in any combination","5703","5703",0,1
"3292","Santee Indian Nation of South Carolina alone or in any combination","5803","5803",0,1
"3293","Santee Indian Organization alone or in any combination","5804","5804",0,1
"3294","Santee Sioux Nation, Nebraska alone or in any combination","6308","6308",0,1
"3295","Saponi alone or in any combination","6240","6240",0,1
"3296","Sappony alone or in any combination","6245","6245",0,1
"3297","Sauk-Suiattle Indian Tribe alone or in any combination","6199","6199",0,1
"3298","Sault Ste. Marie Tribe of Chippewa Indians alone or in any combination","5668","5668",0,1
"3299","Schaghticoke alone or in any combination","6247","6247",0,1
"3300","Scotts Valley Band of Pomo Indians of California alone or in any combination","6139","6139",0,1
"3301","Seaconke Wampanoag alone or in any combination","6379","6379",0,1
"3302","Seminole alone or in any combination","6249","6249",0,1
"3303","The Seminole Nation of Oklahoma alone or in any combination","6251","6251",0,1
"3304","Seminole Tribe of Florida alone or in any combination","6250","6250",0,1
"3305","Seneca Nation of Indians alone or in any combination","5870","5870",0,1
"3306","Seneca-Cayuga Nation alone or in any combination","5872","5872",0,1
"3307","Serrano alone or in any combination","6259","6259",0,1
"3308","Setalcott Indians alone or in any combination","5910","5910",0,1
"3309","Shakopee Mdewakanton Sioux Community of Minnesota alone or in any combination","6309","6309",0,1
"3310","Shasta alone or in any combination","6264","6264",0,1
"3311","Shawnee alone or in any combination","6269","6269",0,1
"3312","Shawnee Nation United Remnant Band alone or in any combination","6274","6274",0,1
"3313","Shawnee Tribe alone or in any combination","6275","6275",0,1
"3314","Sherwood Valley Rancheria of Pomo Indians of California alone or in any combination","6140","6140",0,1
"3315","Shingle Springs Band of Miwok Indians alone or in any combination","5974","5974",0,1
"3316","Shinnecock Indian Nation alone or in any combination","6279","6279",0,1
"3317","Shoalwater Bay Indian Tribe of the Shoalwater Bay Indian Reservation alone or in any combination","6281","6281",0,1
"3318","Shoshone alone or in any combination","6283","6283",0,1
"3319","Shoshone Paiute alone or in any combination","6068","6068",0,1
"3320","Shoshone-Bannock Tribes of the Fort Hall Reservation alone or in any combination","5824","5824",0,1
"3321","Shoshone-Paiute Tribes of the Duck Valley Reservation alone or in any combination","6073","6073",0,1
"3322","Sioux alone or in any combination","6295","6295",0,1
"3323","Sisseton-Wahpeton Oyate of the Lake Traverse Reservation, South Dakota alone or in any combination","6310","6310",0,1
"3324","Siuslaw alone or in any combination","6320","6320",0,1
"3325","Skokomish Indian Tribe alone or in any combination","6200","6200",0,1
"3326","Skull Valley Band of Goshute Indians of Utah alone or in any combination","6290","6290",0,1
"3327","Skykomish alone or in any combination","6201","6201",0,1
"3328","Snohomish alone or in any combination","6202","6202",0,1
"3329","Snoqualmie Indian Tribe alone or in any combination","6203","6203",0,1
"3330","Soboba Band of Luiseno Indians alone or in any combination","5918","5918",0,1
"3331","Sokaogon Chippewa Community alone or in any combination","5669","5669",0,1
"3332","Southeastern Cherokee Council alone or in any combination","5613","5613",0,1
"3333","Southeastern Indians alone or in any combination","5805","5805",0,1
"3334","Southern Arapaho alone or in any combination","5527","5527",0,1
"3335","Southern Cheyenne alone or in any combination","5621","5621",0,1
"3336","Southern Ute Indian Tribe of the Southern Ute Reservation alone or in any combination","6363","6363",0,1
"3337","Spirit Lake Tribe alone or in any combination","6311","6311",0,1
"3338","Spokane Tribe of the Spokane Reservation alone or in any combination","6322","6322",0,1
"3339","Squaxin Island Tribe of the Squaxin Island Reservation, Washington alone or in any combination","6204","6204",0,1
"3340","St. Croix Chippewa Indians of Wisconsin alone or in any combination","5670","5670",0,1
"3341","Standing Rock Sioux Tribe of North and South Dakota alone or in any combination","6312","6312",0,1
"3342","Steilacoom alone or in any combination","6205","6205",0,1
"3343","Stillaguamish Tribes of Indians of Washington alone or in any combination","6206","6206",0,1
"3344","Stockbridge-Munsee Community alone or in any combination","6324","6324",0,1
"3345","Stonyford alone or in any combination","6141","6141",0,1
"3346","Summit Lake Paiute Tribe of Nevada alone or in any combination","6059","6059",0,1
"3347","The Suquamish Tribe alone or in any combination","6208","6208",0,1
"3348","Susanville Indian Rancheria, California alone or in any combination","6060","6060",0,1
"3349","Susquehanock alone or in any combination","5806","5806",0,1
"3350","Swan Creek Black River Confederate Tribe alone or in any combination","5671","5671",0,1
"3351","Swinomish Indian Tribal Community alone or in any combination","6207","6207",0,1
"3352","Sycuan Band of the Kumeyaay Nation alone or in any combination","5783","5783",0,1
"3353","Table Mountain Rancheria alone or in any combination","6432","6432",0,1
"3354","Tachi alone or in any combination","6433","6433",0,1
"3355","Takelma alone or in any combination","5577","5577",0,1
"3356","Talakamish alone or in any combination","6018","6018",0,1
"3357","Tejon Indian Tribe alone or in any combination","6434","6434",0,1
"3358","Temecula alone or in any combination","5919","5919",0,1
"3359","Te-Moak Tribes of Western Shoshone Indians of Nevada alone or in any combination","6326","6326",0,1
"3360","Tenino alone or in any combination","6019","6019",0,1
"3361","Teton Sioux alone or in any combination","6313","6313",0,1
"3362","The Southeastern Mvskoke Nation, Inc. alone or in any combination","5740","5740",0,1
"3363","The Waccamaw Indian People alone or in any combination","5807","5807",0,1
"3364","Thlopthlocco Tribal Town alone or in any combination","5746","5746",0,1
"3366","Arikara (Sahnish) alone or in any combination","6336","6336",0,1
"3367","Hidatsa alone or in any combination","6337","6337",0,1
"3368","Mandan alone or in any combination","6338","6338",0,1
"3369","Three Affiliated Tribes of the Ft. Berthold Reservation, North Dakota alone or in any combination","6339:6340","6339",2,1
"3370","Tillamook alone or in any combination","6020","6020",0,1
"3371","Timbisha Shoshone Tribe alone or in any combination","6285","6285",0,1
"3372","Tohono O'odham Nation of Arizona alone or in any combination","6341","6341",0,1
"3373","Tolowa alone or in any combination","6346","6346",0,1
"3374","Tolowa Dee-ni' Nation alone or in any combination","6349","6349",0,1
"3375","Tonawanda Band of Seneca alone or in any combination","5873","5873",0,1
"3376","Tonkawa Tribe of Indians of Oklahoma alone or in any combination","6351","6351",0,1
"3377","Tonto Apache Tribe of Arizona alone or in any combination","5521","5521",0,1
"3378","Torres Martinez Desert Cahuilla Indians alone or in any combination","5564","5564",0,1
"3379","Trinity alone or in any combination","5845","5845",0,1
"3380","Tuckabachee alone or in any combination","5747","5747",0,1
"3381","Tulalip Tribes of Washington alone or in any combination","6209","6209",0,1
"3382","Tule River Indian Tribe alone or in any combination","6435","6435",0,1
"3383","Tunica Biloxi Indian Tribe of Louisiana alone or in any combination","5808","5808",0,1
"3384","Tuolumne Band of Me-Wuk Indians of California alone or in any combination","5975","5975",0,1
"3385","Turtle Mountain Band of Chippewa Indians of North Dakota alone or in any combination","5672","5672",0,1
"3386","Tuscarora Nation alone or in any combination","5874","5874",0,1
"3387","Tuscola alone or in any combination","5614","5614",0,1
"3388","Twenty-Nine Palms Band of Luiseno Mission Indians alone or in any combination","5920","5920",0,1
"3389","Tygh alone or in any combination","6353","6353",0,1
"3390","Umpqua alone or in any combination","6357","6357",0,1
"3391","United Auburn Indian Community of the Auburn Rancheria of California alone or in any combination","5934","5934",0,1
"3392","United Cherokee Ani-Yun-Wiya Nation alone or in any combination","5615","5615",0,1
"3393","United Houma Nation alone or in any combination","5856","5856",0,1
"3394","United Keetoowah Band of Cherokee Indians in Oklahoma alone or in any combination","5616","5616",0,1
"3395","Upper Chinook alone or in any combination","5643","5643",0,1
"3396","Upper Mattaponi Tribe alone or in any combination","5944","5944",0,1
"3397","Upper Sioux Community alone or in any combination","6314","6314",0,1
"3398","Upper Skagit Indian Tribe alone or in any combination","6210","6210",0,1
"3399","Ute alone or in any combination","6362","6362",0,1
"3400","Ute Indian Tribe of the Uintah and Ouray Reservation, Utah alone or in any combination","6364","6364",0,1
"3401","Ute Mountain Ute Tribe alone or in any combination","6365","6365",0,1
"3402","Utu Utu Gwaitu Paiute Tribe of the Benton Paiute Reservation, California alone or in any combination","6061","6061",0,1
"3403","Viejas (Baron Long) Group of Capitan Grande Band alone or in any combination","5784","5784",0,1
"3404","Waccamaw Siouan Indian Tribe alone or in any combination","5809","5809",0,1
"3405","Wahpekute Sioux alone or in any combination","6315","6315",0,1
"3406","Wailaki alone or in any combination","6367","6367",0,1
"3407","Wakiakum Chinook alone or in any combination","5644","5644",0,1
"3408","Walker River Paiute Tribe of the Walker River Reservation, Nevada alone or in any combination","6062","6062",0,1
"3409","Walla Walla alone or in any combination","6369","6369",0,1
"3410","Wampanoag alone or in any combination","6371","6371",0,1
"3411","Wampanoag Tribe of Gay Head (Aquinnah) alone or in any combination","6380","6380",0,1
"3412","Wappo alone or in any combination","5578","5578",0,1
"3413","Wasco alone or in any combination","6388","6388",0,1
"3414","Washoe Tribe of Nevada and California alone or in any combination","6391","6391",0,1
"3415","Wassamasaw Tribe of Varnertown Indians alone or in any combination","5810","5810",0,1
"3416","Wazhaza Sioux alone or in any combination","6316","6316",0,1
"3417","Wenatchee alone or in any combination","6021","6021",0,1
"3418","Whilkut alone or in any combination","5846","5846",0,1
"3419","White Earth Band alone or in any combination","5673","5673",0,1
"3420","White Mountain Apache Tribe of the Fort Apache Reservation, Arizona alone or in any combination","5522","5522",0,1
"3421","White River Band of the Chickamauga-Cherokee alone or in any combination","5617","5617",0,1
"3422","Wichita and Affiliated Tribes, Oklahoma alone or in any combination","6395","6395",0,1
"3423","Wicomico alone or in any combination","5811","5811",0,1
"3424","Willapa Chinook alone or in any combination","5645","5645",0,1
"3425","Wilton Rancheria alone or in any combination","5976","5976",0,1
"3426","Wind River alone or in any combination","6400","6400",0,1
"3427","Winnebago alone or in any combination","6402","6402",0,1
"3428","Winnebago Tribe of Nebraska alone or in any combination","6403","6403",0,1
"3429","Winnemucca Indian Colony of Nevada alone or in any combination","6063","6063",0,1
"3430","Wintun alone or in any combination","6407","6407",0,1
"3431","Wishram alone or in any combination","5646","5646",0,1
"3432","Wiyot Tribe, California alone or in any combination","6415","6415",0,1
"3433","Wyandotte Nation alone or in any combination","5875","5875",0,1
"3434","Yakama Cowlitz alone or in any combination","6421","6421",0,1
"3435","Yana alone or in any combination","5579","5579",0,1
"3436","Yankton Sioux Tribe of South Dakota alone or in any combination","6317","6317",0,1
"3437","Yanktonai Sioux alone or in any combination","6318","6318",0,1
"3438","Yaqui alone or in any combination","6423","6423",0,1
"3439","Yavapai Apache Nation of the Camp Verde Indian Reservation alone or in any combination","6428","6428",0,1
"3440","Yavapai-Prescott Tribe of the Yavapai Reservation alone or in any combination","6451","6451",0,1
"3441","Yerington Paiute Tribe of the Yerington Colony and Campbell Ranch, Nevada alone or in any combination","6065","6065",0,1
"3442","Yocha Dehe Wintun Nation, California alone or in any combination","6410","6410",0,1
"3443","Yokuts alone or in any combination","6430","6430",0,1
"3444","Yomba Shoshone Tribe of the Yomba Reservation, Nevada alone or in any combination","6291","6291",0,1
"3445","Ysleta del Sur Pueblo of Texas alone or in any combination","6185","6185",0,1
"3446","Yuchi alone or in any combination","6440","6440",0,1
"3447","Yuki alone or in any combination","5580","5580",0,1
"3448","Yurok Tribe alone or in any combination","6455","6455",0,1
"3449","Zuni Tribe of the Zuni Reservation alone or in any combination","6186","6186",0,1
"3450","Tribal responses alone or in any combination, not elsewhere classified","5509, 5511, 5513, 5523, 5528, 5530, 5532:5535, 5537:5540, 5542:5545, 5547:5550, 5555, 5565, 5571, 5573, 5581:5585, 5587, 5589, 5591, 5595:5596, 5598, 5618, 5622:5623, 5625:5628, 5631:5633, 5636:5638, 5647:5648, 5674:5678, 5680:5683, 5686:5688, 5696:5698, 5700,5704:5705, 5707, 5709, 5711, 5713, 5715, 5717, 5719, 5721, 5723, 5725, 5729:5730, 5732, 5734, 5748:5749, 5751, 5753, 5755, 5758:5760, 5768:5770, 5785, 5812:5815, 5817, 5819, 5821, 5825:5826, 5828, 5830, 5832, 5835:5837, 5839, 5841, 5843, 5847:5848, 5850, 5852:5855, 5857, 5861:5862, 5871, 5876:5877, 5879, 5881, 5883, 5885, 5890, 5893:5895, 5897, 5899, 5901:5904, 5906, 5911, 5921, 5923, 5925, 5935, 5937, 5940:5942, 5945:5947, 5949, 5951, 5956, 5958, 5961:5963, 5966:5968, 5977:5978, 5981:5983, 5985, 5987, 5992, 5994, 5996, 5998, 6000, 6002, 6006:6007, 6010:6012, 6022, 6024, 6026, 6028, 6030, 6032, 6038:6042, 6064, 6066:6067, 6074:6077, 6079, 6083:6084, 6087:6089, 6091, 6092, 6094:6096, 6101, 6106, 6110:6111, 6114:6116, 6142:6146, 6150:6151, 6160:6161, 6163, 6187:6188, 6211:6213, 6215, 6217, 6219, 6221, 6223, 6228, 6233, 6235, 6237, 6239, 6242:6244, 6246, 6248, 6252:6258, 6261:6263, 6266:6268, 6276:6278, 6280, 6282, 6292, 6294, 6299, 6319, 6321, 6323, 6325, 6327:6335, 6342:6345, 6350, 6352, 6354, 6356, 6359:6361, 6366, 6368, 6370, 6381:6385, 6387, 6389, 6392:6394, 6396:6399, 6401, 6404:6406, 6411, 6413, 6416:6418, 6420, 6422, 6425:6427, 6429, 6436:6439, 6442:6444, 6449, 6452:6454, 6457:6459, 6460:6499","5509, 5511, 5513, 5523, 5528, 5530, 5532:5535, 5537:5540, 5542:5545, 5547:5550, 5555, 5565, 5571, 5573, 5581:5585, 5587, 5589, 5591, 5595:5596, 5598, 5618, 5622:5623, 5625:5628, 5631:5633, 5636:5638, 5647:5648, 5674:5678, 5680:5683, 5686:5688, 5696:5698, 5700,5704:5705, 5707, 5709, 5711, 5713, 5715, 5717, 5719, 5721, 5723, 5725, 5729:5730, 5732, 5734, 5748:5749, 5751, 5753, 5755, 5758:5760, 5768:5770, 5785, 5812:5815, 5817, 5819, 5821, 5825:5826, 5828, 5830, 5832, 5835:5837, 5839, 5841, 5843, 5847:5848, 5850, 5852:5855, 5857, 5861:5862, 5871, 5876:5877, 5879, 5881, 5883, 5885, 5890, 5893:5895, 5897, 5899, 5901:5904, 5906, 5911, 5921, 5923, 5925, 5935, 5937, 5940:5942, 5945:5947, 5949, 5951, 5956, 5958, 5961:5963, 5966:5968, 5977:5978, 5981:5983, 5985, 5987, 5992, 5994, 5996, 5998, 6000, 6002, 6006:6007, 6010:6012, 6022, 6024, 6026, 6028, 6030, 6032, 6038:6042, 6064, 6066:6067, 6074:6077, 6079, 6083:6084, 6087:6089, 6091, 6092, 6094:6096, 6101, 6106, 6110:6111, 6114:6116, 6142:6146, 6150:6151, 6160:6161, 6163, 6187:6188, 6211:6213, 6215, 6217, 6219, 6221, 6223, 6228, 6233, 6235, 6237, 6239, 6242:6244, 6246, 6248, 6252:6258, 6261:6263, 6266:6268, 6276:6278, 6280, 6282, 6292, 6294, 6299, 6319, 6321, 6323, 6325, 6327:6335, 6342:6345, 6350, 6352, 6354, 6356, 6359:6361, 6366, 6368, 6370, 6381:6385, 6387, 6389, 6392:6394, 6396:6399, 6401, 6404:6406, 6411, 6413, 6416:6418, 6420, 6422, 6425:6427, 6429, 6436:6439, 6442:6444, 6449, 6452:6454, 6457:6459, 6460:6499",1,1
"3762","American Indian and Alaska Native alone or in any combination, not specified","5000:5009","5000,5001",1,1
"4051","Healy Lake Village alone","5041","5041",0,0
"4052","Healy Lake Village alone or in any combination","5041","5041",0,1
"4053","American Indian alone, not specified","5500","5500",0,0
"4054","American Indian alone or in any combination, not specified","5500","5500",0,1
